Save Date,08:47:35 2020/12/10
Mode,User

Sampling Time(ms),8.0
Time Scale(ms/div),2000.0
Data Length(ms),20000.0

Trigger Enable,0
Trigger Channel,1
Trigger Level(div),0.0
Trigger Type,0
Pre Trigger(div),5.0
AlarmNo,1

CH1,1,0,2,1,0.000
CH2,1,0,2,2,0.000
CH3,1,0,2,3,0.000
CH4,0,0,2,4,0.000
CH5,0,0,2,5,0.000
CH6,0,0,2,6,0.000
CH7,0,0,0,1,0.000
CH8,0,0,0,1,0.000
CH9,0,0,0,1,0.000
CH10,0,0,0,1,0.000

CH1,1,0,0.0,50.00
CH2,1,0,0.0,50.00
CH3,1,0,0.0,50.00
CH4,1,0,0.0,50.00
CH5,1,0,0.0,50.00
CH6,1,0,0.0,50.00
CH7,1,0,0.0,1000.00
CH8,1,0,0.0,1000.00
CH9,1,0,0.0,1000.00
CH10,1,0,0.0,1000.00

Time,CH1,CH2,CH3
ms,%,%,%
0.0,52.510483,-98.412231,-37.621033
8.0,48.984039,-91.542480,-38.200287
16.0,44.217751,-88.432800,-40.944122
24.0,41.209602,-85.465393,-39.409607
32.0,38.364056,-81.197205,-43.169678
40.0,35.823391,-80.059021,-47.336243
48.0,33.516464,-77.752167,-48.779297
56.0,31.931089,-76.613983,-49.744720
64.0,30.274574,-76.807068,-51.289398
72.0,29.268471,-74.429077,-51.990601
80.0,26.463575,-75.872131,-52.549530
88.0,25.884304,-75.750183,-53.128784
96.0,23.943235,-75.912781,-52.610504
104.0,21.992004,-75.089630,-56.492523
112.0,21.148502,-75.028656,-59.520905
120.0,20.853786,-74.866058,-62.742371
128.0,18.689138,-75.689209,-61.522888
136.0,19.288736,-73.809174,-59.500580
144.0,18.130192,-70.455597,-57.955902
152.0,19.593615,-67.030884,-58.718079
160.0,20.670858,-63.047241,-59.398956
168.0,19.248085,-58.240448,-57.894928
176.0,19.908659,-56.736420,-57.335999
184.0,17.784662,-52.823914,-55.110443
192.0,17.571245,-49.683746,-50.283325
200.0,14.278543,-47.915497,-47.742737
208.0,10.853724,-45.872864,-46.878937
216.0,9.115910,-46.076111,-50.628845
224.0,5.660604,-48.819946,-52.793427
232.0,5.762230,-51.746704,-54.216156
240.0,-0.274384,-53.545441,-55.892944
248.0,-0.396332,-57.539246,-55.770996
256.0,-2.215393,-58.403046,-55.577911
264.0,-4.928741,-62.203766,-56.258789
272.0,-4.359650,-62.965942,-58.697754
280.0,-3.363739,-61.766785,-61.929382
288.0,-4.999878,-61.604187,-63.108215
296.0,-4.461273,-57.478271,-59.500580
304.0,-3.780396,-56.096191,-53.951935
312.0,-2.764160,-54.612488,-51.726379
320.0,-0.538605,-50.445923,-50.486572
328.0,0.975616,-47.336243,-51.543457
336.0,1.656514,-42.966431,-53.250732
344.0,3.658559,-41.411591,-52.386932
352.0,2.174810,-42.874969,-52.183685
360.0,4.644337,-44.094452,-49.785370
368.0,3.780511,-46.462280,-49.399200
376.0,4.888241,-48.545563,-51.004852
384.0,5.741905,-49.460175,-54.388916
392.0,6.443129,-51.543457,-57.539246
400.0,6.148411,-50.567871,-58.240448
408.0,5.121983,-53.494629,-56.797394
416.0,6.331339,-55.933594,-56.075867
424.0,4.237831,-55.313690,-54.246643
432.0,4.319132,-56.472198,-54.795410
440.0,4.888241,-56.075867,-54.612488
448.0,3.241890,-52.691803,-56.533173
456.0,1.178869,-52.346283,-56.177490
464.0,0.660573,-50.384949,-56.279114
472.0,1.219520,-51.685730,-54.988495
480.0,-1.981659,-51.248749,-53.525116
488.0,-0.619904,-49.988617,-54.551514
496.0,-3.119843,-50.019104,-54.287292
504.0,-1.778412,-50.080078,-54.287292
512.0,-3.058868,-47.519165,-55.516937
520.0,-1.778412,-45.059875,-54.531189
528.0,-1.473541,-45.517181,-53.393005
536.0,-2.560913,-43.891205,-51.523132
544.0,-1.656464,-43.748932,-50.740631
552.0,0.599597,-44.998901,-51.126801
560.0,1.239845,-45.913513,-51.888977
568.0,2.174810,-47.295593,-53.667389
576.0,2.103671,-45.618805,-56.980316
584.0,3.323191,-44.958252,-56.594147
592.0,3.678884,-48.941895,-56.695770
600.0,3.323191,-50.120728,-55.415314
608.0,4.044740,-54.012909,-55.496613
616.0,3.963439,-55.770996,-57.854279
624.0,4.278481,-53.992584,-60.222107
632.0,3.282540,-53.088135,-58.738403
640.0,4.187017,-52.671478,-57.092102
648.0,1.941069,-50.384949,-57.051453
656.0,-0.812988,-47.539490,-54.714111
664.0,0.091464,-43.850555,-52.732452
672.0,-1.016235,-41.848572,-52.966187
680.0,-6.442932,-38.301910,-54.470215
688.0,-7.408356,-35.100769,-55.496613
696.0,-11.137939,-32.397583,-56.756744
704.0,-13.983398,-31.909790,-56.431549
712.0,-18.363373,-29.023682,-60.526978
720.0,-21.534027,-29.663910,-62.488312
728.0,-23.596985,-30.070404,-65.211823
736.0,-27.042023,-31.086639,-67.975983
744.0,-29.470825,-29.745209,-71.156799
752.0,-33.952423,-29.247253,-73.209595
760.0,-35.375153,-27.428192,-73.605927
768.0,-37.824280,-25.558319,-75.292877
776.0,-40.090485,-23.800232,-75.069305
784.0,-43.515198,-21.950684,-75.252228
792.0,-45.059875,-16.219116,-77.132263
800.0,-43.911530,-14.542328,-74.805084
808.0,-45.019226,-9.115631,-73.890472
816.0,-45.557831,-8.729462,-75.506287
824.0,-46.116760,-6.341309,-74.886383
832.0,-45.598480,-4.928741,-76.431061
840.0,-44.297699,-5.406372,-76.349762
848.0,-45.659454,-5.660431,-77.152588
856.0,-43.332275,-8.333130,-78.158661
864.0,-43.870880,-10.416412,-78.311096
872.0,-39.602692,-14.379730,-77.416809
880.0,-38.261261,-16.767883,-80.241943
888.0,-36.157654,-18.383698,-77.548920
896.0,-32.295959,-21.798248,-79.733826
904.0,-33.850800,-24.521759,-79.611877
912.0,-38.708405,-26.381470,-77.589569
920.0,-37.062103,-26.899750,-74.286804
928.0,-32.875214,-27.479004,-74.022583
936.0,-30.527710,-26.198547,-69.236115
944.0,-28.525726,-27.285919,-66.410980
952.0,-29.084656,-26.300171,-66.095947
960.0,-26.605042,-27.387543,-66.329681
968.0,-23.454712,-27.062347,-63.565521
976.0,-20.050323,-28.728973,-63.209839
984.0,-18.251587,-28.708649,-60.638763
992.0,-17.103241,-31.655731,-61.299316
1000.0,-15.060608,-33.271545,-61.248505
1008.0,-12.641968,-37.763306,-60.303406
1016.0,-10.751770,-39.907562,-60.120483
1024.0,-9.511963,-40.527466,-62.020844
1032.0,-7.926636,-41.513214,-61.685486
1040.0,-7.428680,-42.610748,-63.026917
1048.0,-5.264099,-44.470459,-62.224091
1056.0,-6.463257,-44.053802,-61.787109
1064.0,-5.507996,-46.137085,-61.187531
1072.0,-4.064941,-44.196075,-59.378632
1080.0,-3.983643,-42.387177,-61.400940
1088.0,-5.548645,-41.208344,-60.902985
1096.0,-4.827118,-39.501068,-59.358307
1104.0,-4.186890,-39.267334,-58.077850
1112.0,-4.024292,-38.261261,-56.096191
1120.0,-3.739746,-38.423859,-56.431549
1128.0,-4.207214,-38.901489,-57.193726
1136.0,-3.516174,-38.118988,-57.620544
1144.0,-3.800720,-38.799866,-57.234375
1152.0,-5.243774,-39.440094,-56.777069
1160.0,-5.345398,-42.590424,-57.295349
1168.0,-5.081177,-41.726624,-58.159149
1176.0,-6.168549,-43.616821,-61.248505
1184.0,-6.686829,-44.155426,-60.201782
1192.0,-5.904327,-43.068054,-58.961975
1200.0,-5.467346,-45.334259,-60.303406
1208.0,-5.863678,-41.746948,-61.604187
1216.0,-6.686829,-45.273285,-61.807434
1224.0,-6.402283,-41.553864,-61.228180
1232.0,-6.666504,-40.771362,-60.821686
1240.0,-6.148224,-39.765289,-57.722168
1248.0,-5.823029,-40.141296,-58.220123
1256.0,-4.959229,-40.547791,-58.616455
1264.0,-5.345398,-39.744965,-58.260773
1272.0,-2.784485,-37.702332,-59.317657
1280.0,-2.784485,-38.820190,-58.596130
1288.0,-2.357666,-39.765289,-58.860352
1296.0,-2.418640,-39.866913,-59.002625
1304.0,-2.682861,-40.771362,-58.596130
1312.0,-2.875946,-42.092468,-59.236359
1320.0,-4.258026,-41.513214,-60.120483
1328.0,-2.814972,-42.214417,-59.500580
1336.0,-3.678772,-43.789581,-60.720062
1344.0,-3.821045,-43.250977,-59.876587
1352.0,-5.060852,-41.828247,-60.018860
1360.0,-5.101501,-43.555847,-58.474182
1368.0,-6.341309,-41.828247,-59.459930
1376.0,-5.660431,-42.570099,-59.175385
1384.0,-5.467346,-40.649414,-58.901001
1392.0,-6.646179,-38.901489,-59.104248
1400.0,-7.611603,-39.887238,-57.976227
1408.0,-7.804688,-39.247009,-58.758728
1416.0,-7.205109,-39.368958,-59.256683
1424.0,-5.528320,-40.466492,-57.112427
1432.0,-6.188873,-40.964447,-56.919342
1440.0,-5.406372,-40.344543,-57.772980
1448.0,-4.867767,-40.751038,-56.340088
1456.0,-4.217377,-41.309967,-58.779053
1464.0,-5.203125,-41.147369,-59.683502
1472.0,-5.040527,-42.692047,-57.752655
1480.0,-4.298676,-42.549774,-57.722168
1488.0,-3.902344,-43.271301,-57.874603
1496.0,-3.638123,-44.775330,-58.199799
1504.0,-3.201141,-40.944122,-60.059509
1512.0,-3.160492,-42.549774,-59.216034
1520.0,-4.217377,-41.604675,-58.535156
1528.0,-3.384064,-39.226685,-57.396973
1536.0,-4.684845,-39.826263,-57.640869
1544.0,-5.660431,-40.009186,-57.376648
1552.0,-4.440948,-38.799866,-56.350250
1560.0,-5.507996,-40.984772,-57.478271
1568.0,-5.863678,-38.281586,-57.996552
1576.0,-5.884003,-39.846588,-57.874603
1584.0,-6.727478,-39.866913,-58.362396
1592.0,-5.782379,-41.248993,-57.000641
1600.0,-6.209198,-39.805939,-57.254700
1608.0,-7.184784,-40.507141,-57.894928
1616.0,-6.463257,-41.086395,-57.915253
1624.0,-6.249847,-42.285553,-57.640869
1632.0,-4.745819,-41.929871,-57.854279
1640.0,-5.721405,-42.468475,-58.342072
1648.0,-4.166565,-42.255066,-57.478271
1656.0,-5.284424,-41.350616,-58.077850
1664.0,-2.916595,-40.629089,-58.281097
1672.0,-4.125916,-40.222595,-57.539246
1680.0,-3.902344,-40.568115,-56.431549
1688.0,-4.379974,-39.683990,-57.112427
1696.0,-3.760071,-39.023438,-57.396973
1704.0,-3.983643,-38.423859,-57.478271
1712.0,-4.258026,-38.566132,-58.616455
1720.0,-3.780396,-37.946228,-58.240448
1728.0,-3.099518,-39.023438,-56.777069
1736.0,-4.125916,-39.724640,-55.953918
1744.0,-3.343414,-39.907562,-57.356323
1752.0,-5.345398,-38.708405,-57.559570
1760.0,-5.243774,-39.785614,-58.575806
1768.0,-5.121826,-40.649414,-59.541229
1776.0,-7.245758,-42.671722,-60.079834
1784.0,-4.461273,-40.923798,-60.262756
1792.0,-6.686829,-41.045746,-59.277008
1800.0,-5.243774,-40.791687,-58.453857
1808.0,-6.209198,-40.588440,-58.657104
1816.0,-5.823029,-40.883148,-58.921326
1824.0,-5.762054,-40.862823,-58.179474
1832.0,-6.890076,-39.704315,-57.559570
1840.0,-5.365723,-39.186035,-57.976227
1848.0,-5.020203,-38.484833,-56.980316
1856.0,-5.741730,-38.098663,-56.370575
1864.0,-3.963318,-38.423859,-56.899017
1872.0,-4.664520,-39.785614,-57.275024
1880.0,-4.481598,-40.202271,-58.555481
1888.0,-4.217377,-39.409607,-58.403046
1896.0,-3.739746,-39.368958,-58.403046
1904.0,-4.522247,-39.805939,-58.077850
1912.0,-4.979553,-41.025421,-58.077850
1920.0,-3.597473,-42.011169,-58.575806
1928.0,-4.420624,-41.807922,-58.118500
1936.0,-5.985626,-41.147369,-59.398956
1944.0,-5.182800,-40.344543,-58.555481
1952.0,-4.064941,-41.990845,-59.063599
1960.0,-5.243774,-39.846588,-58.077850
1968.0,-6.646179,-41.086395,-57.132751
1976.0,-5.447021,-40.507141,-58.016876
1984.0,-5.568970,-40.364868,-57.742493
1992.0,-5.640106,-39.663666,-57.275024
2000.0,-7.012024,-39.104736,-57.112427
2008.0,-5.802704,-38.728729,-57.518921
2016.0,-5.487671,-37.458435,-57.478271
2024.0,-4.298676,-39.003113,-56.370575
2032.0,-4.003967,-40.791687,-57.020966
2040.0,-6.087250,-39.907562,-56.177490
2048.0,-5.680756,-39.582367,-57.051453
2056.0,-4.745819,-39.429932,-58.697754
2064.0,-4.105591,-39.267334,-56.675446
2072.0,-4.999878,-41.066071,-57.498596
2080.0,-3.485687,-41.553864,-55.953918
2088.0,-4.501923,-39.988861,-56.340088
2096.0,-3.485687,-39.623016,-57.254700
2104.0,-4.928741,-40.730713,-57.254700
2112.0,-5.507996,-38.901489,-55.831970
2120.0,-6.168549,-37.925903,-56.594147
2128.0,-5.863678,-37.682007,-56.197815
2136.0,-6.463257,-38.799866,-55.090118
2144.0,-5.762054,-39.125061,-57.000641
2152.0,-5.060852,-38.342560,-56.370575
2160.0,-5.304749,-39.186035,-57.000641
2168.0,-4.319000,-40.303894,-57.275024
2176.0,-5.060852,-38.840515,-56.390900
2184.0,-4.725494,-38.220612,-55.974243
2192.0,-4.562897,-38.881165,-56.675446
2200.0,-5.467346,-39.501068,-56.411224
2208.0,-4.725494,-37.925903,-56.319763
2216.0,-4.258026,-39.846588,-56.614471
2224.0,-5.142151,-39.409607,-56.431549
2232.0,-4.166565,-38.799866,-55.516937
2240.0,-4.440948,-39.247009,-56.370575
2248.0,-5.863678,-36.899506,-55.730347
2256.0,-6.290497,-38.118988,-56.055542
2264.0,-6.331146,-36.797882,-57.173401
2272.0,-7.103485,-36.879181,-56.980316
2280.0,-7.489655,-37.702332,-55.516937
2288.0,-6.605530,-38.606781,-55.171417
2296.0,-6.341309,-36.838531,-55.638885
2304.0,-5.203125,-36.442200,-55.953918
2312.0,-6.829102,-37.082428,-56.197815
2320.0,-9.115631,-37.925903,-56.136841
2328.0,-7.428680,-38.362885,-56.512848
2336.0,-8.272156,-37.062103,-57.772980
2344.0,-9.755859,-39.541718,-57.935577
2352.0,-9.450989,-37.499084,-58.281097
2360.0,-9.135956,-37.580383,-56.512848
2368.0,-9.613586,-37.438110,-57.193726
2376.0,-10.772095,-38.464508,-57.661194
2384.0,-9.593262,-35.456451,-57.559570
2392.0,-11.198914,-35.415802,-59.642853
2400.0,-12.032227,-35.273529,-56.634796
2408.0,-11.097290,-34.135345,-56.959991
2416.0,-10.670471,-33.352844,-57.173401
2424.0,-9.969269,-31.787842,-58.301422
2432.0,-8.414429,-29.928131,-58.199799
2440.0,-11.076965,-30.385437,-59.703827
2448.0,-7.946960,-30.446411,-59.937561
2456.0,-10.335114,-30.649658,-61.228180
2464.0,-7.286407,-30.304138,-59.358307
2472.0,-6.646179,-29.064331,-59.520905
2480.0,-6.686829,-29.887482,-60.140808
2488.0,-4.319000,-28.942383,-59.663177
2496.0,-4.827118,-29.704559,-61.207855
2504.0,-4.562897,-29.724884,-60.262756
2512.0,-2.896271,-29.663910,-59.398956
2520.0,-2.723511,-26.899750,-60.902985
2528.0,-1.920685,-28.586700,-60.963959
2536.0,-0.955261,-29.602936,-61.167206
2544.0,-2.418640,-27.184296,-61.461914
2552.0,-0.497955,-27.062347,-60.222107
2560.0,-1.138184,-26.544067,-60.466003
2568.0,-1.361755,-28.170044,-60.659088
2576.0,0.995941,-26.625366,-60.425354
2584.0,0.132115,-28.871246,-59.998535
2592.0,-1.514191,-29.826508,-59.155060
2600.0,-1.199158,-28.962708,-56.919342
2608.0,-1.575165,-30.669983,-57.935577
2616.0,-1.321106,-32.275635,-58.636780
2624.0,-0.030487,-33.830475,-56.939667
2632.0,-0.172760,-32.956512,-57.396973
2640.0,-1.097534,-33.474792,-53.829987
2648.0,-0.111786,-34.612976,-55.476288
2656.0,0.477645,-33.911774,-56.959991
2664.0,-1.676788,-34.755249,-55.791321
2672.0,-1.036560,-35.883270,-55.029144
2680.0,-2.835297,-36.940155,-55.293365
2688.0,-3.079193,-36.696259,-56.055542
2696.0,-3.465363,-37.285675,-56.573822
2704.0,-2.916595,-37.082428,-54.307617
2712.0,-3.699097,-37.001129,-52.407257
2720.0,-5.365723,-37.021454,-52.427582
2728.0,-4.420624,-37.082428,-53.545441
2736.0,-7.733551,-37.560059,-54.947845
2744.0,-6.707153,-37.458435,-54.571838
2752.0,-5.640106,-37.397461,-53.809662
2760.0,-7.804688,-37.783630,-53.728363
2768.0,-6.707153,-37.763306,-52.966187
2776.0,-5.467346,-37.621033,-52.986511
2784.0,-7.804688,-38.860840,-53.271057
2792.0,-5.426697,-39.226685,-53.586090
2800.0,-4.847443,-38.982788,-54.053558
2808.0,-6.026276,-39.724640,-52.966187
2816.0,-3.760071,-39.186035,-52.468231
2824.0,-3.861694,-39.866913,-52.092224
2832.0,-3.760071,-39.948212,-52.092224
2840.0,-1.514191,-40.385193,-51.949951
2848.0,-2.438965,-40.303894,-52.112549
2856.0,-4.146240,-40.425842,-52.823914
2864.0,-2.560913,-40.141296,-53.626740
2872.0,-3.780396,-40.110809,-53.271057
2880.0,-5.162476,-39.948212,-52.823914
2888.0,-4.664520,-40.385193,-52.051575
2896.0,-5.304749,-39.927887,-51.309723
2904.0,-6.127899,-39.440094,-51.391022
2912.0,-4.979553,-40.161621,-50.842255
2920.0,-4.207214,-39.846588,-50.669495
2928.0,-5.507996,-39.409607,-50.984528
2936.0,-5.345398,-39.287659,-51.309723
2944.0,-3.841370,-38.738892,-50.821930
2952.0,-2.042633,-39.023438,-51.330048
2960.0,-1.361755,-39.389282,-50.964203
2968.0,2.378063,-39.724640,-50.720306
2976.0,2.682943,-40.161621,-50.242676
2984.0,4.207343,-40.049835,-49.886993
2992.0,3.577258,-39.683990,-50.161377
3000.0,5.508164,-40.751038,-50.425598
3008.0,7.947203,-40.527466,-50.882904
3016.0,8.587451,-41.431915,-50.547546
3024.0,8.648427,-40.466492,-50.303650
3032.0,10.813074,-41.289642,-50.527222
3040.0,11.077303,-40.690063,-49.907318
3048.0,10.833400,-41.330292,-50.141052
3056.0,10.569170,-41.431915,-50.080078
3064.0,11.239906,-40.242920,-50.801605
3072.0,10.376080,-40.730713,-51.167450
3080.0,8.394361,-40.812012,-51.482483
3088.0,7.286630,-40.344543,-51.370697
3096.0,7.124027,-40.141296,-50.821930
3104.0,9.034608,-39.907562,-50.323975
3112.0,6.087436,-40.385193,-50.263000
3120.0,5.121983,-40.507141,-50.425598
3128.0,5.040681,-40.090485,-50.283325
3136.0,5.467513,-39.968536,-49.622772
3144.0,4.126041,-40.029510,-49.826019
3152.0,4.867916,-40.629089,-50.242676
3160.0,2.662618,-40.588440,-49.744720
3168.0,2.113834,-39.683990,-49.744720
3176.0,2.063021,-39.582367,-50.019104
3184.0,3.617908,-39.460419,-49.439850
3192.0,1.453261,-39.582367,-49.968292
3200.0,-0.294708,-39.501068,-49.378876
3208.0,1.412610,-39.287659,-49.439850
3216.0,-1.321106,-39.389282,-49.785370
3224.0,0.497971,-38.860840,-48.941895
3232.0,-1.941010,-38.627106,-49.358551
3240.0,-1.880035,-38.606781,-49.602448
3248.0,-2.377991,-38.860840,-49.643097
3256.0,-3.841370,-38.423859,-49.338226
3264.0,-4.278351,-38.840515,-49.399200
3272.0,-5.365723,-38.779541,-49.358551
3280.0,-6.127899,-38.505157,-49.378876
3288.0,-6.463257,-38.464508,-50.202026
3296.0,-6.686829,-39.064087,-49.521149
3304.0,-7.327057,-38.139313,-50.303650
3312.0,-7.743713,-38.220612,-50.181702
3320.0,-7.804688,-38.200287,-49.521149
3328.0,-7.164459,-37.844604,-50.120728
3336.0,-7.347382,-38.118988,-49.500824
3344.0,-7.062836,-36.919830,-49.927643
3352.0,-6.605530,-38.240936,-49.643097
3360.0,-6.951050,-37.946228,-50.161377
3368.0,-5.944977,-37.102753,-49.744720
3376.0,-5.843353,-38.078339,-49.683746
3384.0,-6.188873,-38.301910,-50.283325
3392.0,-6.168549,-37.438110,-49.846344
3400.0,-5.040527,-37.356812,-50.567871
3408.0,-5.507996,-38.027527,-49.998779
3416.0,-5.406372,-37.021454,-49.886993
3424.0,-5.528320,-36.757233,-49.907318
3432.0,-5.223450,-37.600708,-49.968292
3440.0,-5.548645,-37.803955,-50.141052
3448.0,-5.762054,-36.797882,-49.846344
3456.0,-6.046600,-36.960480,-50.059753
3464.0,-5.802704,-36.442200,-50.263000
3472.0,-6.087250,-36.757233,-50.059753
3480.0,-6.066925,-36.543823,-50.242676
3488.0,-5.762054,-37.397461,-50.445923
3496.0,-6.046600,-36.381226,-50.181702
3504.0,-5.426697,-36.117004,-50.527222
3512.0,-5.924652,-35.883270,-50.222351
3520.0,-5.965302,-36.777557,-50.466248
3528.0,-5.985626,-36.625122,-50.263000
3536.0,-4.319000,-37.478760,-49.785370
3544.0,0.792688,-35.680023,-50.506897
3552.0,3.780511,-35.334503,-50.781281
3560.0,4.827265,-35.822296,-51.106476
3568.0,5.721580,-35.680023,-51.543457
3576.0,8.089480,-34.531677,-52.092224
3584.0,9.248024,-35.121094,-52.468231
3592.0,10.538682,-35.202393,-52.844238
3600.0,13.963500,-33.779663,-54.429565
3608.0,16.585466,-33.637390,-55.892944
3616.0,18.485886,-32.336609,-57.600220
3624.0,19.512314,-32.214661,-59.419281
3632.0,21.118015,-31.472809,-61.004608
3640.0,22.896481,-29.846832,-63.067566
3648.0,23.882259,-29.287903,-64.774841
3656.0,24.278603,-28.200531,-66.969910
3664.0,23.719658,-26.960724,-69.032867
3672.0,22.957457,-26.381470,-70.079590
3680.0,24.176977,-25.761566,-70.984039
3688.0,21.910704,-24.399811,-72.579529
3696.0,23.821283,-23.536011,-74.368103
3704.0,21.412733,-21.950684,-75.851807
3712.0,21.016388,-21.391754,-78.016388
3720.0,20.935087,-20.975098,-80.292755
3728.0,21.128178,-19.674316,-81.603699
3736.0,18.933043,-19.532043,-81.817108
3744.0,19.451338,-18.871490,-82.538635
3752.0,18.668814,-18.190613,-83.382111
3760.0,19.766380,-18.566620,-83.941040
3768.0,18.851742,-18.729218,-83.361786
3776.0,19.014343,-18.271912,-83.117889
3784.0,19.044832,-19.084900,-83.006104
3792.0,18.404583,-19.410095,-83.006104
3800.0,18.313120,-18.851166,-83.087402
3808.0,16.341562,-19.227173,-83.808929
3816.0,14.319193,-19.552368,-84.642242
3824.0,14.878139,-19.145874,-83.981689
3832.0,13.780572,-19.064575,-85.302795
3840.0,11.534623,-18.251587,-85.211334
3848.0,11.676901,-18.830841,-85.302795
3856.0,8.607776,-18.363373,-85.892212
3864.0,7.550859,-19.369446,-85.465393
3872.0,6.544755,-18.871490,-85.109711
3880.0,4.563036,-18.383698,-85.445068
3888.0,4.481735,-18.424347,-85.749939
3896.0,3.038636,-17.967041,-85.150360
3904.0,4.105716,-17.306488,-85.567017
3912.0,4.400434,-18.028015,-84.510132
3920.0,5.182959,-17.245514,-84.428833
3928.0,5.924833,-16.605286,-84.347534
3936.0,7.469558,-16.463013,-85.668640
3944.0,8.851680,-16.564636,-86.288544
3952.0,11.615925,-15.965057,-86.024323
3960.0,14.115940,-15.619537,-85.302795
3968.0,14.766351,-12.520020,-86.329193
3976.0,18.191168,-14.684601,-86.725525
3984.0,17.744011,-12.093201,-87.172668
3992.0,19.370037,-11.351349,-84.489807
4000.0,21.250130,-11.615570,-86.512115
4008.0,22.113956,-8.251831,-85.810913
4016.0,22.012329,-8.150208,-87.569000
4024.0,20.670858,-9.552612,-85.567017
4032.0,22.611927,-7.570953,-86.207245
4040.0,23.658682,-5.447021,-88.514099
4048.0,22.459486,-4.501923,-89.235626
4056.0,24.298929,-2.977570,-90.170563
4064.0,23.800959,-3.302765,-89.794556
4072.0,24.400555,-0.975586,-89.753906
4080.0,25.599751,-1.056885,-90.892090
4088.0,25.162756,-1.920685,-89.377899
4096.0,27.388378,-1.199158,-87.955170
4104.0,28.282694,-0.457306,-88.249878
4112.0,28.607899,-0.172760,-88.016144
4120.0,25.620075,0.315043,-88.087280
4128.0,26.646503,-1.280457,-89.337250
4136.0,25.721703,-0.660553,-88.290527
4144.0,24.898525,-1.859711,-87.050720
4152.0,21.270454,-2.235718,-87.975494
4160.0,20.650532,-2.418640,-86.430817
4168.0,18.729790,-4.766144,-85.831238
4176.0,15.020417,-5.507996,-83.839417
4184.0,13.617970,-7.042511,-84.286560
4192.0,12.540727,-6.026276,-82.304901
4200.0,9.329326,-8.627838,-81.796783
4208.0,7.764275,-7.733551,-80.059021
4216.0,6.890286,-9.410339,-80.140320
4224.0,7.845576,-12.133850,-80.658600
4232.0,4.806940,-12.733429,-78.676941
4240.0,5.741905,-14.999634,-78.494019
4248.0,6.361827,-14.837036,-78.819214
4256.0,4.542711,-15.721161,-77.955414
4264.0,4.359783,-16.320740,-78.717590
4272.0,3.262215,-17.326813,-78.178986
4280.0,4.481735,-18.007690,-77.609894
4288.0,4.766289,-17.347137,-75.872131
4296.0,3.800836,-18.993439,-76.146515
4304.0,6.168737,-18.912140,-75.292877
4312.0,7.388257,-18.851166,-74.225830
4320.0,6.270363,-17.570709,-72.884399
4328.0,6.483779,-19.166199,-73.829498
4336.0,7.530534,-18.129639,-72.599854
4344.0,5.660604,-19.349121,-72.325470
4352.0,6.646382,-20.395844,-73.260406
4360.0,5.985809,-19.887726,-74.205505
4368.0,6.168737,-23.698608,-76.756256
4376.0,3.739860,-23.119354,-74.124207
4384.0,3.577258,-22.316528,-74.703461
4392.0,4.359783,-23.180328,-74.947357
4400.0,3.465468,-21.696625,-74.388428
4408.0,4.044740,-24.359161,-74.266479
4416.0,3.221564,-24.674194,-72.660828
4424.0,5.182959,-23.139679,-72.081573
4432.0,4.187017,-22.519775,-74.408752
4440.0,5.325236,-23.271790,-72.386444
4448.0,6.605731,-22.631561,-74.805084
4456.0,6.382153,-24.501434,-74.764435
4464.0,6.443129,-24.775818,-75.587585
4472.0,6.788659,-24.918091,-76.492035
4480.0,8.851680,-24.562408,-76.166840
4488.0,9.115910,-23.698608,-75.587585
4496.0,8.932981,-24.399811,-75.973755
4504.0,9.552904,-22.611237,-73.402679
4512.0,7.947203,-23.779907,-73.463654
4520.0,7.571185,-23.617310,-73.748199
4528.0,6.544755,-23.160004,-71.664917
4536.0,5.406537,-22.733185,-73.666901
4544.0,6.006134,-22.153931,-71.898651
4552.0,4.085391,-22.651886,-74.083557
4560.0,2.063021,-24.074615,-72.640503
4568.0,1.961394,-24.013641,-73.168945
4576.0,2.042695,-25.304260,-75.150604
4584.0,2.418714,-24.298187,-74.632324
4592.0,2.662618,-26.462769,-76.512360
4600.0,1.199194,-27.682251,-75.109955
4608.0,0.701224,-29.247253,-74.886383
4616.0,-0.792664,-27.783875,-75.953430
4624.0,-0.050812,-31.289886,-72.782776
4632.0,-0.873962,-31.249237,-73.067322
4640.0,-0.711365,-33.810150,-70.780792
4648.0,-3.058868,-35.212555,-71.380371
4656.0,-4.207214,-37.245026,-68.839783
4664.0,-4.623871,-36.696259,-68.077606
4672.0,-6.646179,-38.728729,-68.179230
4680.0,-9.349365,-37.722656,-67.132507
4688.0,-14.359406,-38.403534,-67.671112
4696.0,-19.552368,-34.297943,-67.975983
4704.0,-22.855133,-33.718689,-67.894684
4712.0,-28.983032,-31.808167,-70.201538
4720.0,-35.253204,-30.212677,-73.128296
4728.0,-41.411591,-26.340820,-75.872131
4736.0,-46.096436,-24.216888,-77.010315
4744.0,-51.584106,-21.127533,-76.654633
4752.0,-54.592163,-19.745453,-76.908691
4760.0,-57.153076,-18.668243,-78.890350
4768.0,-58.077850,-16.767883,-76.166840
4776.0,-58.575806,-15.965057,-76.654633
4784.0,-58.443695,-13.119598,-76.126190
4792.0,-57.275024,-12.154175,-76.827393
4800.0,-56.390900,-9.755859,-78.097687
4808.0,-55.577911,-8.007935,-76.735931
4816.0,-59.459930,-6.727478,-79.073273
4824.0,-56.695770,-7.164459,-79.561066
4832.0,-55.638885,-4.298676,-81.776459
4840.0,-53.108459,-3.180817,-84.083313
4848.0,-52.427582,-3.882019,-87.152344
4856.0,-50.242676,-3.140167,-87.345428
4864.0,-49.704071,-1.595490,-88.849457
4872.0,-47.915497,-1.321106,-88.930756
4880.0,-47.539490,-2.134094,-89.438873
4888.0,-44.937927,-2.814972,-88.392151
4896.0,-44.155426,-3.861694,-88.310852
4904.0,-43.555847,-4.125916,-87.955170
4912.0,-41.005096,-3.506012,-85.211334
4920.0,-41.350616,-4.786469,-82.904480
4928.0,-40.049835,-5.924652,-78.412720
4936.0,-36.940155,-5.304749,-75.445313
4944.0,-34.297943,-7.042511,-74.947357
4952.0,-31.909790,-8.973358,-75.170929
4960.0,-31.676056,-9.227417,-74.368103
4968.0,-28.180206,-13.078949,-75.313202
4976.0,-23.861206,-12.520020,-73.321381
4984.0,-21.229156,-17.469086,-72.162872
4992.0,-18.607269,-17.743469,-74.144531
5000.0,-15.944733,-22.692535,-73.423004
5008.0,-12.032227,-26.056274,-74.408752
5016.0,-8.251831,-28.424103,-75.973755
5024.0,-6.707153,-31.554108,-78.138336
5032.0,-3.099518,-32.255310,-78.991974
5040.0,-5.721405,-33.251221,-77.487946
5048.0,-1.117859,-33.556091,-75.729858
5056.0,-2.154419,-31.655731,-74.967682
5064.0,-2.977570,-31.147614,-75.089630
5072.0,-4.603546,-27.245270,-73.189270
5080.0,-7.012024,-25.761566,-74.246155
5088.0,-7.012024,-22.499451,-72.223846
5096.0,-10.518036,-21.574677,-69.154816
5104.0,-14.135834,-20.548279,-67.335754
5112.0,-15.019958,-21.493378,-66.858124
5120.0,-15.904083,-22.418152,-69.073517
5128.0,-18.647919,-24.694519,-67.132507
5136.0,-19.125549,-25.222961,-70.262512
5144.0,-19.389771,-27.926147,-73.646576
5152.0,-17.448761,-30.771606,-75.211578
5160.0,-18.404022,-32.356934,-74.764435
5168.0,-16.422363,-36.340576,-73.544952
5176.0,-14.461029,-35.934082,-74.805084
5184.0,-14.522003,-34.531677,-76.989990
5192.0,-11.798492,-34.297943,-74.947357
5200.0,-9.928619,-33.698364,-73.931122
5208.0,-9.115631,-31.686218,-74.388428
5216.0,-8.729462,-29.704559,-72.142548
5224.0,-7.987610,-27.367218,-68.839783
5232.0,-6.646179,-27.143646,-66.116272
5240.0,-5.386047,-25.019714,-66.675201
5248.0,-3.963318,-27.001373,-68.016632
5256.0,-3.058868,-26.056274,-69.236115
5264.0,-2.997894,-26.320496,-72.142548
5272.0,-1.595490,-28.464752,-72.244171
5280.0,-2.520264,-30.070404,-71.746216
5288.0,-4.237701,-31.513458,-70.984039
5296.0,-6.544556,-32.448395,-70.201538
5304.0,-8.465240,-34.917847,-72.864075
5312.0,-11.737518,-34.897522,-74.988007
5320.0,-12.753754,-34.755249,-74.083557
5328.0,-15.487427,-33.413818,-73.341705
5336.0,-16.625610,-31.391510,-73.321381
5344.0,-17.387787,-32.651642,-72.040924
5352.0,-19.267822,-31.472809,-68.595886
5360.0,-18.932465,-31.391510,-68.839783
5368.0,-18.586945,-31.706543,-74.408752
5376.0,-17.265839,-31.747192,-74.571350
5384.0,-15.761810,-32.428070,-72.488068
5392.0,-12.936676,-32.997162,-71.441345
5400.0,-8.892059,-34.033722,-72.020599
5408.0,-7.327057,-35.456451,-69.835693
5416.0,-7.388031,-35.842621,-69.337738
5424.0,-4.603546,-36.381226,-69.134491
5432.0,-3.536499,-38.586456,-71.177124
5440.0,-0.752014,-39.704315,-68.778809
5448.0,-0.111786,-41.431915,-66.329681
5456.0,4.461410,-43.047729,-65.049225
5464.0,4.644337,-43.952179,-65.110199
5472.0,8.912656,-47.082184,-62.549286
5480.0,10.335429,-50.760956,-63.189514
5488.0,14.197241,-56.533173,-65.293121
5496.0,16.402538,-57.600220,-65.709778
5504.0,19.969635,-61.929382,-62.904968
5512.0,23.333475,-67.650787,-60.699738
5520.0,25.040804,-71.878326,-59.022949
5528.0,27.103825,-75.069305,-59.785126
5536.0,27.500168,-78.229797,-61.868408
5544.0,29.105869,-80.739899,-59.876587
5552.0,28.526596,-76.766418,-63.372437
5560.0,31.026611,-78.057037,-60.760712
5568.0,30.233925,-79.459442,-59.500580
5576.0,32.195320,-80.414703,-55.669373
5584.0,30.132298,-80.922821,-55.811646
5592.0,32.449387,-79.774475,-55.151093
5600.0,33.038818,-76.827393,-55.130768
5608.0,30.874172,-74.866058,-55.730347
5616.0,31.910765,-74.886383,-53.890961
5624.0,32.276619,-73.046997,-52.468231
5632.0,32.408733,-73.707550,-53.047485
5640.0,31.727837,-73.707550,-56.218140
5648.0,30.508316,-73.727875,-56.858368
5656.0,28.689199,-72.183197,-59.978210
5664.0,26.900570,-73.443329,-63.504547
5672.0,25.579424,-73.067322,-67.091858
5680.0,22.693228,-72.427094,-67.457703
5688.0,22.276558,-72.000275,-66.329681
5696.0,20.630207,-67.630463,-67.915009
5704.0,18.170843,-63.504547,-69.662933
5712.0,16.981812,-59.022949,-71.644592
5720.0,13.699270,-54.897034,-69.236115
5728.0,12.174871,-51.604431,-69.977966
5736.0,10.416730,-47.417542,-69.622284
5744.0,8.587451,-42.935944,-67.854034
5752.0,7.652486,-37.245026,-69.642609
5760.0,4.644337,-34.358917,-71.360046
5768.0,4.237831,-31.269562,-73.189270
5776.0,2.479690,-27.001373,-74.388428
5784.0,1.778466,-27.062347,-75.953430
5792.0,4.217505,-26.239197,-76.451385
5800.0,7.672811,-25.863190,-76.532684
5808.0,8.008179,-26.401794,-77.914764
5816.0,8.353709,-27.306244,-78.494019
5824.0,7.347606,-26.422119,-79.693176
5832.0,8.953306,-28.281830,-81.695160
5840.0,8.932981,-27.844849,-82.538635
5848.0,11.554949,-27.905823,-81.878082
5856.0,12.977721,-28.667999,-83.808929
5864.0,12.154546,-28.149719,-83.839417
5872.0,14.746025,-29.104980,-85.130035
5880.0,17.703360,-26.564392,-84.184937
5888.0,20.213537,-26.940399,-85.191010
5896.0,21.209478,-25.182312,-84.408508
5904.0,20.274513,-24.155914,-81.959381
5912.0,20.071260,-25.680267,-80.333405
5920.0,22.520462,-23.119354,-80.597626
5928.0,22.439161,-23.271790,-79.713501
5936.0,19.807032,-23.901855,-76.674957
5944.0,20.975739,-21.991333,-76.949341
5952.0,17.947264,-21.716949,-76.248138
5960.0,17.185064,-23.292114,-76.309113
5968.0,14.319193,-24.623383,-73.585602
5976.0,12.012268,-27.804199,-71.217773
5984.0,11.656575,-26.747314,-73.605927
5992.0,8.709403,-28.485077,-75.109955
6000.0,7.347606,-30.070404,-75.526611
6008.0,6.361827,-32.692291,-77.487946
6016.0,4.420759,-32.956512,-75.729858
6024.0,2.916684,-33.373169,-75.333527
6032.0,2.804895,-34.816223,-75.353851
6040.0,2.916684,-36.503174,-72.904724
6048.0,3.739860,-33.718689,-74.002258
6056.0,4.420759,-35.060120,-73.046997
6064.0,5.223609,-34.440216,-72.721802
6072.0,5.762230,-33.617065,-74.632324
6080.0,7.550859,-32.489044,-74.286804
6088.0,10.030549,-33.657715,-71.339722
6096.0,11.036653,-32.428070,-70.038940
6104.0,11.737877,-31.909790,-69.856018
6112.0,12.540727,-31.991089,-70.343811
6120.0,13.658620,-30.710632,-69.896667
6128.0,14.624073,-31.289886,-71.004364
6136.0,14.420819,-31.269562,-69.916992
6144.0,14.237892,-33.017487,-67.691437
6152.0,13.282601,-34.511353,-69.601959
6160.0,13.455367,-32.489044,-69.795044
6168.0,11.554949,-34.460541,-70.181213
6176.0,10.630146,-35.395477,-70.597870
6184.0,9.410626,-37.163727,-72.325470
6192.0,6.270363,-39.907562,-71.918976
6200.0,5.589465,-41.045746,-69.835693
6208.0,3.821162,-38.881165,-69.856018
6216.0,3.119938,-41.564026,-70.323486
6224.0,2.378063,-41.726624,-70.140564
6232.0,0.416669,-42.214417,-69.561310
6240.0,-0.274384,-42.468475,-71.156799
6248.0,-1.412567,-42.072144,-68.016632
6256.0,-0.619904,-41.970520,-65.526855
6264.0,-0.599579,-43.332275,-66.451630
6272.0,0.538621,-41.167694,-65.608154
6280.0,0.213416,-41.889221,-63.667145
6288.0,-0.457306,-43.068054,-63.108215
6296.0,-0.355682,-45.476532,-63.067566
6304.0,0.274392,-43.850555,-65.171173
6312.0,-0.010162,-43.992828,-62.803345
6320.0,-0.731689,-44.897278,-62.925293
6328.0,0.731712,-47.956146,-63.291138
6336.0,1.920743,-49.165466,-63.047241
6344.0,1.839442,-49.866669,-66.390656
6352.0,1.636189,-51.025177,-65.608154
6360.0,1.219520,-51.350372,-65.130524
6368.0,1.656514,-50.344299,-65.049225
6376.0,1.199194,-50.425598,-63.931366
6384.0,1.239845,-49.998779,-63.443573
6392.0,2.662618,-49.663422,-65.628479
6400.0,2.357738,-47.885010,-64.927277
6408.0,2.977660,-49.480499,-65.587830
6416.0,3.363842,-45.832214,-65.933350
6424.0,3.882138,-44.429810,-66.878448
6432.0,3.038636,-44.429810,-65.333771
6440.0,4.237831,-41.848572,-67.274780
6448.0,3.678884,-42.712372,-67.955658
6456.0,4.217505,-40.049835,-69.093842
6464.0,4.624012,-40.486816,-68.453613
6472.0,4.278481,-39.429932,-69.276764
6480.0,4.786614,-38.281586,-70.699493
6488.0,4.705313,-37.082428,-70.120239
6496.0,5.264260,-37.224701,-69.480011
6504.0,5.426862,-36.797882,-70.719818
6512.0,5.863857,-37.001129,-71.766541
6520.0,6.463454,-36.625122,-73.189270
6528.0,7.103702,-37.102753,-73.931122
6536.0,8.109806,-36.757233,-74.469727
6544.0,7.489883,-36.381226,-75.689209
6552.0,8.729728,-36.381226,-74.571350
6560.0,8.973632,-35.639374,-73.849823
6568.0,9.715507,-35.314178,-74.124207
6576.0,9.268350,-33.911774,-74.490051
6584.0,9.695181,-32.255310,-73.809174
6592.0,9.776483,-31.472809,-72.284821
6600.0,9.949247,-30.985016,-71.238098
6608.0,10.630146,-30.527710,-71.156799
6616.0,10.630146,-29.765533,-72.620178
6624.0,10.315104,-29.623260,-74.703461
6632.0,10.457381,-29.003357,-76.807068
6640.0,10.091525,-30.446411,-77.254211
6648.0,9.928923,-30.273651,-77.030640
6656.0,9.207374,-31.289886,-75.191254
6664.0,8.506149,-31.167938,-73.748199
6672.0,8.130131,-32.295959,-73.107971
6680.0,7.449233,-31.554108,-73.849823
6688.0,8.150456,-31.350861,-73.666901
6696.0,8.191107,-31.269562,-74.490051
6704.0,8.445173,-31.594757,-75.872131
6712.0,9.136234,-31.330536,-75.546936
6720.0,8.445173,-31.086639,-76.288788
6728.0,8.872005,-30.111053,-76.187164
6736.0,8.394361,-30.832581,-75.526611
6744.0,8.648427,-30.669983,-74.327454
6752.0,8.170781,-29.785858,-71.705566
6760.0,8.272408,-29.663910,-71.461670
6768.0,8.150456,-29.430176,-71.360046
6776.0,8.292733,-29.267578,-72.040924
6784.0,8.648427,-29.145630,-72.803101
6792.0,9.054934,-28.688324,-73.829498
6800.0,8.252083,-29.186279,-74.063232
6808.0,8.109806,-30.070404,-73.910797
6816.0,8.150456,-29.846832,-73.107971
6824.0,8.211432,-30.710632,-73.748199
6832.0,8.191107,-31.188263,-73.463654
6840.0,8.130131,-32.052063,-73.463654
6848.0,7.967528,-32.651642,-73.362030
6856.0,7.571185,-32.092712,-73.423004
6864.0,8.008179,-32.651642,-73.748199
6872.0,8.191107,-32.834564,-74.103882
6880.0,7.306955,-32.448395,-73.910797
6888.0,7.886227,-32.610992,-73.026672
6896.0,7.926877,-32.255310,-73.301056
6904.0,7.733787,-31.991089,-73.443329
6912.0,7.550859,-31.889465,-73.301056
6920.0,7.428907,-31.686218,-73.280731
6928.0,7.489883,-31.991089,-72.742126
6936.0,7.672811,-32.234985,-73.362030
6944.0,7.652486,-32.234985,-72.721802
6952.0,7.632160,-32.214661,-73.544952
6960.0,8.008179,-32.214661,-73.524628
6968.0,7.388257,-33.058136,-73.870148
6976.0,7.327281,-31.950439,-73.504303
6984.0,7.225654,-33.434143,-73.067322
6992.0,6.849635,-32.550018,-73.067322
7000.0,6.646382,-32.031738,-73.148621
7008.0,6.067110,-32.732941,-73.280731
7016.0,6.727684,-32.509369,-72.803101
7024.0,6.788659,-32.489044,-73.524628
7032.0,7.164678,-32.854889,-73.423004
7040.0,6.605731,-32.031738,-73.107971
7048.0,6.748009,-32.336609,-73.087646
7056.0,6.544755,-32.336609,-73.301056
7064.0,6.829310,-32.275635,-72.884399
7072.0,6.605731,-32.570343,-73.087646
7080.0,6.443129,-32.316284,-73.087646
7088.0,6.270363,-33.454468,-72.406769
7096.0,6.229713,-33.637390,-72.508392
7104.0,6.250038,-33.210571,-73.148621
7112.0,6.605731,-32.610992,-73.026672
7120.0,6.585406,-35.517426,-72.681152
7128.0,6.687033,-45.872864,-70.557220
7136.0,7.987854,-51.604431,-66.451630
7144.0,9.674856,-54.531189,-61.980194
7152.0,10.477706,-58.362396,-56.980316
7160.0,10.416730,-61.482239,-53.230408
7168.0,10.152501,-64.388672,-47.021210
7176.0,11.880154,-69.795044,-43.271301
7184.0,12.439100,-74.103882,-41.350616
7192.0,14.115940,-77.437134,-37.306000
7200.0,15.487900,-82.284576,-37.123077
7208.0,16.046846,-86.044647,-36.381226
7216.0,18.231819,-87.345428,-36.421875
7224.0,19.949308,-93.839172,-35.314178
7232.0,22.032656,-98.208984,-33.098785
7240.0,21.392406,-102.975128,-32.214661
7248.0,22.957457,-110.434296,-27.102997
7256.0,22.652576,-115.363037,-23.596985
7264.0,21.992004,-116.399597,-24.521759
7272.0,23.475754,-115.535797,-24.033966
7280.0,24.624134,-116.582520,-23.556335
7288.0,25.325357,-122.974640,-26.117249
7296.0,23.943235,-119.946259,-26.462769
7304.0,24.197302,-118.127197,-29.968781
7312.0,22.977783,-117.608917,-33.911774
7320.0,21.229805,-110.535919,-39.887238
7328.0,18.872066,-106.166107,-42.854645
7336.0,18.231819,-99.611389,-47.803711
7344.0,14.522447,-97.192749,-51.502808
7352.0,14.878139,-90.658356,-48.118744
7360.0,11.900479,-80.180969,-48.220367
7368.0,8.953306,-69.937317,-50.344299
7376.0,8.872005,-58.138824,-50.649170
7384.0,5.569139,-47.935822,-50.405273
7392.0,5.406537,-37.946228,-52.386932
7400.0,6.270363,-30.690308,-51.868652
7408.0,3.617908,-21.757599,-50.181702
7416.0,5.101657,-13.302521,-50.547546
7424.0,3.821162,-8.414429,-54.917358
7432.0,2.540666,-6.127899,-57.813629
7440.0,2.581316,-2.723511,-63.667145
7448.0,1.778466,-3.262115,-71.481995
7456.0,2.642292,-3.282440,-75.912781
7464.0,0.853664,-8.526215,-80.079346
7472.0,2.815058,-11.270050,-80.821198
7480.0,1.077242,-18.627594,-80.516327
7488.0,2.022370,-21.076721,-80.983795
7496.0,1.117893,-24.999390,-83.006104
7504.0,4.502060,-27.905823,-81.644348
7512.0,4.766289,-28.505402,-80.099670
7520.0,6.890286,-27.885498,-78.077362
7528.0,8.628101,-32.610992,-68.453613
7536.0,9.451277,-32.052063,-60.882660
7544.0,11.351695,-34.612976,-57.417297
7552.0,12.774468,-34.673950,-53.565765
7560.0,15.345622,-36.177979,-52.813751
7568.0,15.680990,-40.364868,-52.691803
7576.0,19.207434,-43.494873,-54.094208
7584.0,19.014343,-48.799622,-54.033234
7592.0,18.628162,-56.319763,-54.551514
7600.0,20.274513,-63.047241,-52.427582
7608.0,21.077364,-69.856018,-54.592163
7616.0,21.036715,-76.929016,-55.872620
7624.0,18.668814,-82.437012,-58.403046
7632.0,18.109867,-88.554749,-61.045258
7640.0,19.126133,-92.965210,-61.848083
7648.0,20.294840,-97.385834,-57.833954
7656.0,19.024506,-100.271942,-57.833954
7664.0,20.030609,-97.711029,-58.514832
7672.0,20.071260,-95.465149,-58.697754
7680.0,19.105808,-92.457092,-60.039185
7688.0,21.250130,-90.353485,-57.915253
7696.0,22.113956,-83.961365,-54.795410
7704.0,20.955412,-79.835449,-53.393005
7712.0,19.634266,-78.636292,-49.500824
7720.0,18.008240,-75.648560,-45.811890
7728.0,17.764336,-71.461670,-42.285553
7736.0,16.300913,-69.734070,-43.210327
7744.0,16.544817,-69.175140,-44.135101
7752.0,14.522447,-67.599976,-46.919586
7760.0,15.101718,-70.597870,-48.139069
7768.0,14.197241,-71.085663,-49.378876
7776.0,12.642354,-75.607910,-50.039429
7784.0,11.758202,-80.333405,-53.413330
7792.0,12.561052,-81.796783,-57.335999
7800.0,12.439100,-84.906464,-58.281097
7808.0,13.201300,-86.329193,-59.917236
7816.0,12.479751,-88.168579,-61.746460
7824.0,13.435041,-91.176636,-61.339966
7832.0,15.945219,-93.158295,-65.008575
7840.0,15.447248,-88.636047,-64.469971
7848.0,16.890347,-84.642242,-66.350006
7856.0,15.467574,-79.398468,-66.797150
7864.0,14.817163,-74.947357,-64.805328
7872.0,14.237892,-67.132507,-64.673218
7880.0,10.813074,-60.618439,-61.106232
7888.0,10.752098,-56.411224,-61.522888
7896.0,8.109806,-49.886993,-56.675446
7904.0,4.847590,-47.437866,-58.179474
7912.0,1.595538,-46.492767,-57.976227
7920.0,2.113834,-47.478516,-62.447662
7928.0,-1.412567,-50.283325,-64.093964
7936.0,-1.402405,-52.671478,-67.813385
7944.0,-4.217377,-54.897034,-70.882416
7952.0,-6.229523,-61.085907,-72.660828
7960.0,-8.068909,-63.829742,-74.002258
7968.0,-7.570953,-64.490295,-79.418793
7976.0,-9.654236,-65.171173,-81.034607
7984.0,-7.764038,-65.994324,-80.993958
7992.0,-6.503906,-64.469971,-77.772491
8000.0,-4.999878,-63.829742,-77.050964
8008.0,-4.400299,-59.297333,-75.048981
8016.0,-0.497955,-57.234375,-72.965698
8024.0,2.560991,-53.047485,-74.551025
8032.0,1.432936,-49.582123,-75.892456
8040.0,5.081332,-46.980560,-75.709534
8048.0,3.902463,-46.858612,-76.390411
8056.0,4.745964,-45.700104,-77.213562
8064.0,4.603687,-44.633057,-74.388428
8072.0,3.404492,-45.832214,-72.020599
8080.0,2.520341,-45.933838,-70.963715
8088.0,1.778466,-44.836304,-74.408752
8096.0,1.758141,-46.655365,-75.770508
8104.0,-0.934937,-46.401306,-76.309113
8112.0,-1.260132,-49.826019,-77.731842
8120.0,0.111789,-52.569855,-79.581390
8128.0,-4.766144,-57.132751,-78.971649
8136.0,-1.514191,-58.718079,-82.182953
8144.0,-2.438965,-59.439606,-83.900391
8152.0,-1.260132,-58.281097,-88.209229
8160.0,-0.914612,-58.321747,-93.818848
8168.0,2.195135,-55.913269,-96.583008
8176.0,2.835383,-53.433655,-96.562683
8184.0,3.943114,-50.923553,-95.566772
8192.0,9.532578,-48.078094,-95.200928
8200.0,10.630146,-44.531433,-93.239594
8208.0,12.937071,-41.188019,-97.152100
8216.0,15.985870,-39.307983,-98.066711
8224.0,19.847683,-38.007202,-100.495514
8232.0,20.691183,-40.364868,-99.652039
8240.0,23.242012,-39.226685,-100.048370
8248.0,23.272499,-43.007080,-102.975128
8256.0,28.668875,-45.781403,-107.344940
8264.0,28.343668,-47.295593,-110.586731
8272.0,30.650593,-48.657349,-113.198456
8280.0,30.213598,-51.665405,-114.621185
8288.0,28.882290,-53.789337,-116.826416
8296.0,32.195320,-51.970276,-117.588593
8304.0,30.975800,-52.884888,-117.761353
8312.0,30.366039,-50.740631,-119.326355
8320.0,31.849789,-48.321991,-119.743011
8328.0,31.951414,-45.557831,-121.094604
8336.0,35.142490,-43.769257,-121.206390
8344.0,36.443314,-42.255066,-120.007233
8352.0,40.386425,-43.250977,-118.086548
8360.0,42.835629,-42.610748,-118.930023
8368.0,47.540939,-42.092468,-121.795807
8376.0,49.502335,-40.832336,-123.879089
8384.0,53.272682,-42.214417,-123.879089
8392.0,52.144627,-43.372925,-123.970551
8400.0,51.707634,-45.415558,-124.600616
8408.0,52.185276,-46.035461,-126.643250
8416.0,49.827541,-49.643097,-127.517212
8424.0,50.061279,-50.964203,-129.864716
8432.0,50.803154,-50.527222,-133.411377
8440.0,51.351940,-51.990601,-133.289429
8448.0,50.223885,-52.325958,-135.118652
8456.0,51.951538,-56.492523,-135.921478
8464.0,50.904781,-56.197815,-134.336151
8472.0,51.646656,-54.307617,-132.171570
8480.0,47.703545,-54.287292,-136.815765
8488.0,44.817348,-53.128784,-139.224243
8496.0,47.256386,-57.173401,-142.445709
8504.0,48.181187,-57.254700,-141.927429
8512.0,49.482010,-58.677429,-146.591949
8520.0,52.347881,-65.110199,-149.681305
8528.0,52.347881,-63.809418,-147.821594
8536.0,52.906826,-70.099915,-155.666931
8544.0,53.608051,-72.447418,-158.471741
8552.0,54.898708,-74.124207,-164.386230
8560.0,59.705650,-75.333527,-164.142334
8568.0,60.508499,-79.317169,-166.154480
8576.0,64.126404,-82.497986,-162.861877
8584.0,58.902798,-83.280487,-165.412628
8592.0,56.321484,-82.904480,-165.128082
8600.0,58.984100,-87.314941,-164.487854
8608.0,63.852016,-87.365753,-165.687012
8616.0,63.770714,-89.794556,-160.524536
8624.0,63.973969,-89.469360,-158.400604
8632.0,56.941406,-89.174652,-155.514496
8640.0,59.217842,-90.912415,-149.721954
8648.0,60.986145,-90.617706,-148.197601
8656.0,62.307289,-90.536407,-143.685516
8664.0,63.130466,-88.168579,-143.085938
8672.0,58.618244,-87.132019,-139.305542
8680.0,58.364178,-83.046753,-128.259064
8688.0,59.146702,-82.680908,-128.889130
8696.0,60.406872,-79.998047,-120.606812
8704.0,54.034882,-78.697266,-114.722809
8712.0,55.579609,-76.735931,-106.542114
8720.0,59.126377,-72.945374,-97.650055
8728.0,63.374371,-70.841766,-94.967194
8736.0,69.522781,-62.884644,-89.957153
8744.0,55.793022,-61.106232,-80.241943
8752.0,55.396679,-56.838043,-70.160889
8760.0,61.768669,-52.864563,-66.370331
8768.0,56.321484,-45.954163,-62.488312
8776.0,53.547073,-40.964447,-58.138824
8784.0,51.087711,-36.635284,-54.012909
8792.0,54.329601,-32.997162,-46.939911
8800.0,50.203560,-28.342804,-39.480743
8808.0,54.370251,-22.438477,-31.767517
8816.0,54.227974,-17.906067,-30.832581
8824.0,48.547043,-12.438721,-26.605042
8832.0,45.477921,-9.074982,-25.019714
8840.0,52.988129,-3.902344,-21.676300
8848.0,42.490097,-3.800720,-15.700836
8856.0,37.225838,1.036592,-11.158264
8864.0,42.957581,4.502060,-10.751770
8872.0,44.095798,4.959380,-9.867645
8880.0,38.364056,10.518357,-8.831085
8888.0,40.813255,13.556993,-5.904327
8896.0,41.107975,17.489944,-1.036560
8904.0,40.427074,19.227760,-0.619904
8912.0,39.024628,23.120060,1.199194
8920.0,38.079502,23.994049,5.843532
8928.0,37.703484,31.250191,5.061007
8936.0,41.910824,32.551010,5.447188
8944.0,40.813255,32.053040,9.268350
8952.0,37.479904,38.506332,9.115910
8960.0,39.522598,41.473831,12.134220
8968.0,43.638477,41.727898,10.416730
8976.0,33.851833,41.453506,12.093570
8984.0,39.146580,46.016541,12.977721
8992.0,44.156773,45.935238,11.270394
9000.0,35.935177,47.723869,13.059023
9008.0,36.717705,46.819393,12.459426
9016.0,45.782799,48.059235,12.134220
9024.0,39.969757,48.201515,10.955352
9032.0,39.227882,47.042969,10.609821
9040.0,44.471817,43.638477,6.483779
9048.0,42.652699,45.112064,6.361827
9056.0,36.382336,42.175053,4.461410
9064.0,39.146580,39.410809,3.140263
9072.0,40.366100,35.183140,4.024415
9080.0,31.656696,35.142490,2.581316
9088.0,33.272560,34.095737,-4.542572
9096.0,37.327465,33.099796,-6.849426
9104.0,34.177036,29.573351,-4.542572
9112.0,32.632313,26.341623,-6.026276
9120.0,32.114017,25.020477,-12.113525
9128.0,35.376232,23.882259,-14.898010
9136.0,26.646503,19.014343,-16.940643
9144.0,29.553026,14.380169,-19.084900
9152.0,33.038818,12.672842,-19.989349
9160.0,25.081453,10.172827,-23.536011
9168.0,19.695242,9.796807,-26.544067
9176.0,20.975739,4.928892,-26.960724
9184.0,27.042849,3.445143,-28.769623
9192.0,21.453382,3.099612,-34.653625
9200.0,11.473647,-1.961334,-37.163727
9208.0,19.105808,-5.721405,-38.322235
9216.0,23.516403,-10.233490,-37.824280
9224.0,18.089540,-11.920441,-40.303894
9232.0,7.408582,-16.584961,-42.234741
9240.0,25.640400,-19.826752,-45.852539
9248.0,24.380230,-20.334869,-47.295593
9256.0,15.081393,-23.536011,-50.964203
9264.0,13.556993,-25.659943,-49.460175
9272.0,25.162756,-28.424103,-48.484589
9280.0,23.994049,-31.655731,-46.919586
9288.0,8.333385,-30.233002,-48.921570
9296.0,18.750114,-30.253326,-46.858612
9304.0,29.553026,-32.448395,-46.055786
9312.0,19.512314,-34.917847,-45.090363
9320.0,4.684988,-33.779663,-46.340332
9328.0,24.563158,-37.864929,-44.257050
9336.0,34.095737,-38.505157,-42.448151
9344.0,22.154606,-38.342560,-41.828247
9352.0,12.733817,-41.452240,-41.828247
9360.0,30.650593,-43.952179,-42.092468
9368.0,34.095737,-46.614716,-41.645325
9376.0,20.914762,-49.998779,-38.881165
9384.0,16.870022,-63.270813,-40.690063
9392.0,33.953461,-67.295105,-40.222595
9400.0,33.333538,-72.406769,-40.527466
9408.0,16.260262,-76.268463,-40.242920
9416.0,24.959501,-80.922821,-42.549774
9424.0,36.280708,-83.026428,-41.909546
9432.0,30.325388,-88.656372,-41.807922
9440.0,16.260262,-90.455109,-41.970520
9448.0,31.849789,-97.202911,-43.250977
9456.0,39.461624,-102.060516,-43.891205
9464.0,25.345684,-102.741394,-44.033478
9472.0,23.140385,-104.560455,-45.618805
9480.0,42.032776,-108.950592,-47.275269
9488.0,37.683155,-108.025818,-45.811890
9496.0,19.024506,-107.964844,-46.492767
9504.0,29.187170,-109.509521,-44.795654
9512.0,39.227882,-107.263641,-45.313934
9520.0,26.199347,-105.180359,-41.370941
9528.0,21.910704,-102.599121,-41.828247
9536.0,35.203468,-103.442596,-32.712616
9544.0,29.908720,-97.568756,-28.688324
9552.0,12.357799,-93.178619,-28.505402
9560.0,26.422926,-89.489685,-28.322479
9568.0,35.376232,-85.770264,-27.062347
9576.0,9.756157,-83.768280,-23.678284
9584.0,25.518448,-81.522400,-26.523743
9592.0,35.914852,-75.628235,-22.499451
9600.0,7.449233,-70.496246,-20.873474
9608.0,20.050936,-66.695526,-18.363373
9616.0,25.183081,-61.604187,-21.015747
9624.0,11.859829,-55.374664,-14.522003
9632.0,10.670796,-50.943878,-11.737518
9640.0,22.652576,-47.295593,-16.747559
9648.0,23.882259,-42.153442,-11.432648
9656.0,-0.436981,-35.578400,-9.471313
9664.0,24.959501,-33.078461,-15.080933
9672.0,25.101780,-27.285919,-9.034332
9680.0,-1.382080,-25.283936,-8.953033
9688.0,20.772484,-22.590912,-9.511963
9696.0,27.266426,-18.444672,-8.688812
9704.0,5.589465,-13.363495,-8.028259
9712.0,18.506210,-13.495605,-5.823029
9720.0,26.920897,-10.731445,-8.871735
9728.0,13.343577,-6.768127,-5.325073
9736.0,12.276498,-2.113770,-6.188873
9744.0,26.199347,2.378063,-4.542572
9752.0,18.089540,7.032563,-4.044617
9760.0,10.772424,10.569170,-1.880035
9768.0,20.894436,15.559038,-0.812988
9776.0,26.880245,18.912718,0.132115
9784.0,15.843593,22.652576,2.459365
9792.0,18.424910,26.361950,1.300821
9800.0,22.378185,29.349773,3.678884
9808.0,11.758202,34.217690,5.884182
9816.0,16.890347,37.337627,6.707358
9824.0,17.601734,37.866085,5.904508
9832.0,9.430952,42.307167,4.908566
9840.0,15.243996,42.510422,6.869961
9848.0,17.622059,47.164921,7.388257
9856.0,10.111851,48.780785,7.469558
9864.0,12.713492,52.093815,8.892331
9872.0,14.563097,55.975952,8.109806
9880.0,10.111851,57.622303,9.735832
9888.0,6.585406,59.583698,8.191107
9896.0,9.451277,61.646717,8.607776
9904.0,11.036653,65.437393,10.437056
9912.0,5.508164,67.134560,12.815119
9920.0,8.709403,69.278877,11.097629
9928.0,7.266304,73.303291,10.294778
9936.0,5.487838,72.388657,11.056978
9944.0,6.229713,74.969971,12.378124
9952.0,6.748009,75.010620,12.794793
9960.0,6.168737,76.535019,12.398450
9968.0,11.077303,79.156990,12.662679
9976.0,1.961394,77.612259,14.359844
9984.0,4.481735,80.122437,15.599689
9992.0,4.583361,79.258614,16.605793
10000.0,11.331370,82.703758,16.849697
10008.0,6.311014,81.280983,5.945158
10016.0,6.687033,82.439529,5.487838
10024.0,15.579364,84.604172,4.065065
10032.0,12.418775,81.697655,5.823206
10040.0,5.061007,81.382614,4.959380
10048.0,7.306955,79.898865,4.298807
10056.0,22.591600,74.685417,2.937010
10064.0,8.394361,73.008575,4.187017
10072.0,4.542711,69.319527,2.957335
10080.0,8.353709,64.868279,0.599597
10088.0,27.520493,61.870296,-2.235718
10096.0,12.317148,57.276772,-1.676788
10104.0,10.010223,55.234077,-3.800720
10112.0,18.231819,51.087711,-4.461273
10120.0,28.628223,49.065342,-7.032349
10128.0,12.561052,44.837673,-6.381958
10136.0,11.900479,44.410839,-4.928741
10144.0,19.014343,41.849850,-3.780396
10152.0,31.128239,40.488052,-4.278351
10160.0,16.239937,40.792931,-1.260132
10168.0,13.983825,42.053101,-1.453217
10176.0,25.183081,41.290901,-0.853638
10184.0,33.618092,42.957581,-1.412567
10192.0,16.168798,44.278725,1.321146
10200.0,20.193213,47.337688,2.662618
10208.0,28.384319,45.955566,3.678884
10216.0,35.620136,47.744194,4.979705
10224.0,20.650532,48.425091,8.506149
10232.0,22.500137,50.427135,9.309000
10240.0,27.805048,49.664936,10.172827
10248.0,34.817287,49.746239,9.796807
10256.0,22.794855,49.746239,10.691122
10264.0,19.908659,50.986084,10.589496
10272.0,28.069277,50.305183,11.219581
10280.0,37.327465,47.622242,8.546800
10288.0,23.902584,45.254341,8.973632
10296.0,20.772484,43.516525,10.294778
10304.0,29.969696,43.953522,8.028504
10312.0,31.555071,40.549026,4.705313
10320.0,26.900570,36.880306,7.144352
10328.0,20.193213,35.721764,5.640278
10336.0,29.288797,34.055084,1.920743
10344.0,33.892483,32.957520,3.638234
10352.0,29.929045,32.215645,4.065065
10360.0,20.091585,30.569292,5.782556
10368.0,29.746117,30.091646,5.000031
10376.0,35.000214,28.750175,6.341502
10384.0,34.654682,27.987976,7.784600
10392.0,25.345684,29.004242,11.331370
10400.0,33.953461,29.908720,15.122044
10408.0,40.071384,30.752220,16.768394
10416.0,42.571400,30.111973,20.111912
10424.0,30.650593,33.059143,25.000153
10432.0,37.906734,35.904690,28.262367
10440.0,47.581593,34.380291,31.433119
10448.0,47.124271,36.626240,37.784782
10456.0,38.242104,36.900631,43.750267
10464.0,46.016541,37.246162,44.593769
10472.0,48.038910,38.882351,48.638508
10480.0,52.906826,41.331554,64.634544
10488.0,41.189278,39.725853,68.201637
10496.0,47.500290,41.128300,74.248421
10504.0,55.833675,38.282753,75.833794
10512.0,52.266579,34.380291,76.951691
10520.0,46.382397,31.616047,77.419174
10528.0,55.640583,30.487991,80.843987
10536.0,64.034943,27.947325,80.864311
10544.0,57.053192,25.203405,80.264717
10552.0,46.717766,22.439161,74.268745
10560.0,58.963776,20.528580,72.927277
10568.0,70.203682,15.101718,68.354073
10576.0,48.059235,12.754143,68.740257
10584.0,47.418987,9.512253,63.486160
10592.0,60.061340,8.048830,57.358074
10600.0,58.902798,8.028504,53.110081
10608.0,44.837673,9.034608,51.189339
10616.0,50.711693,8.394361,50.650715
10624.0,65.671135,8.790704,48.547043
10632.0,50.742180,10.071199,45.874264
10640.0,43.709618,9.552904,44.573444
10648.0,59.380444,11.351695,41.707573
10656.0,51.108036,14.095614,38.729912
10664.0,33.780693,16.067171,34.400616
10672.0,44.390514,18.973694,32.053040
10680.0,47.195412,23.435102,26.839594
10688.0,22.276558,27.246101,20.528580
10696.0,21.453382,29.227821,21.036715
10704.0,39.603901,35.914852,21.992004
10712.0,12.296823,38.364056,21.534685
10720.0,1.737815,43.618153,19.725731
10728.0,18.709463,46.738091,19.807032
10736.0,3.638234,52.713737,20.955412
10744.0,-14.298431,55.132450,18.933043
10752.0,-4.623871,60.305244,18.424910
10760.0,-3.221466,66.575607,14.918790
10768.0,-29.206604,69.116272,15.304972
10776.0,-30.212677,73.282967,14.522447
10784.0,-28.149719,77.896820,18.211493
10792.0,-43.454224,83.821648,18.790766
10800.0,-55.852295,88.415176,20.416792
10808.0,-52.712128,91.839989,19.146458
10816.0,-64.906952,99.838005,20.213537
10824.0,-72.803101,103.222176,18.892391
10832.0,-64.652893,104.279091,21.392406
10840.0,-79.591553,106.423416,20.609882
10848.0,-83.544708,106.586014,19.187109
10856.0,-88.148254,107.368538,17.408644
10864.0,-89.652283,106.890900,16.890347
10872.0,-95.343201,107.388870,15.518388
10880.0,-96.562683,107.531143,14.065126
10888.0,-102.294250,111.453934,13.861874
10896.0,-103.737305,115.823875,14.685049
10904.0,-105.302307,116.362495,16.341562
10912.0,-99.997559,112.114502,19.928984
10920.0,-105.403931,111.860435,23.353802
10928.0,-102.395874,112.836052,24.756248
10936.0,-96.288300,112.897034,22.916807
10944.0,-97.070801,114.665337,23.800959
10952.0,-92.721313,115.701927,20.376141
10960.0,-87.629974,113.242561,19.288736
10968.0,-87.995819,107.632774,19.847683
10976.0,-83.341461,100.681511,18.252144
10984.0,-78.595642,96.474167,19.451338
10992.0,-75.424988,98.110352,17.825312
11000.0,-69.520660,94.421310,15.823267
11008.0,-64.053314,94.228218,19.024506
11016.0,-58.779053,88.211922,22.154606
11024.0,-55.293365,83.862297,22.479813
11032.0,-49.886993,83.303352,20.711508
11040.0,-46.116760,81.159035,20.376141
11048.0,-43.332275,78.181374,19.746056
11056.0,-41.289642,73.892731,20.426954
11064.0,-37.580383,67.541061,20.010284
11072.0,-35.354828,58.557266,18.851742
11080.0,-30.172028,53.892605,18.089540
11088.0,-25.761566,51.646656,15.243996
11096.0,-23.058380,63.171116,10.935026
11104.0,-22.133606,62.327618,8.170781
11112.0,-20.507629,57.835720,7.144352
11120.0,-17.550385,53.252357,4.786614
11128.0,-13.963074,47.784843,4.766289
11136.0,-10.853394,45.559219,4.705313
11144.0,-9.674561,43.953522,5.823206
11152.0,-8.688812,40.528702,3.861812
11160.0,-5.843353,39.725853,5.101657
11168.0,-4.938904,41.392529,6.971587
11176.0,-4.562897,40.142521,6.067110
11184.0,-2.601563,42.835629,6.087436
11192.0,-0.111786,43.435223,5.447188
11200.0,2.439039,42.693352,6.250038
11208.0,0.701224,43.750267,9.207374
11216.0,2.459365,45.000275,10.111851
11224.0,2.723594,48.658833,12.317148
11232.0,4.126041,49.603962,13.597644
11240.0,11.158605,51.504379,16.260262
11248.0,10.559008,53.872280,17.642384
11256.0,7.947203,56.860104,16.941160
11264.0,10.731772,59.807274,18.465559
11272.0,9.796807,61.463791,19.949308
11280.0,7.083376,62.043060,21.737938
11288.0,8.150456,62.246315,22.815180
11296.0,7.550859,64.715843,22.896481
11304.0,5.142308,65.091858,23.861935
11312.0,4.380108,65.173164,23.120060
11320.0,5.203284,64.329659,23.018433
11328.0,5.721580,65.091858,22.398510
11336.0,6.585406,64.614212,21.931028
11344.0,5.284585,63.404858,22.174932
11352.0,5.548814,62.043060,21.798914
11360.0,5.345561,59.807274,21.819239
11368.0,4.684988,59.461746,21.057039
11376.0,1.941069,58.425152,20.071260
11384.0,3.343516,56.697502,19.593615
11392.0,2.784570,56.372295,19.227760
11400.0,3.018311,55.671070,19.786707
11408.0,2.560991,55.193428,19.329386
11416.0,3.058962,55.914974,18.973694
11424.0,2.916684,55.833675,19.044832
11432.0,3.160589,55.640583,20.315165
11440.0,3.384167,55.193428,20.254189
11448.0,3.516282,55.356030,21.331430
11456.0,3.343516,56.301155,21.656635
11464.0,3.719535,56.179203,21.433058
11472.0,3.617908,56.677174,21.697287
11480.0,3.577258,56.656849,22.052980
11488.0,3.760185,56.057251,22.235909
11496.0,3.516282,55.732048,22.296885
11504.0,3.384167,55.559280,22.459486
11512.0,3.180914,55.457657,22.591600
11520.0,3.241890,55.274727,22.713552
11528.0,3.201239,55.254402,23.099735
11536.0,3.201239,55.234077,22.774529
11544.0,2.621967,56.077579,21.992004
11552.0,3.119938,54.939362,23.059084
11560.0,3.140263,54.451553,22.378185
11568.0,2.500015,55.640583,22.774529
11576.0,2.337413,54.990173,22.296885
11584.0,2.815058,54.136509,22.479813
11592.0,2.815058,53.770653,22.256233
11600.0,2.601642,53.150730,21.595661
11608.0,2.642292,53.790977,20.935087
11616.0,2.500015,53.394634,21.494034
11624.0,2.296762,53.516586,21.148502
11632.0,2.855709,53.770653,21.351757
11640.0,2.378063,53.567402,21.595661
11648.0,2.357738,53.150730,21.636311
11656.0,2.134159,52.795036,21.717611
11664.0,1.920743,53.455612,22.398510
11672.0,2.642292,53.110081,22.235909
11680.0,2.723594,53.516586,22.154606
11688.0,2.083346,52.673084,21.514359
11696.0,2.337413,53.232033,22.195257
11704.0,2.083346,52.774712,22.052980
11712.0,2.215461,52.286903,22.337534
11720.0,2.764245,52.652760,22.337534
11728.0,2.195135,52.225929,22.733879
11736.0,1.920743,51.992188,22.693228
11744.0,2.174810,52.032837,21.849728
11752.0,1.178869,51.626331,22.815180
11760.0,2.276437,51.748283,22.774529
11768.0,1.900418,51.788933,22.550951
11776.0,1.341472,51.006409,22.235909
11784.0,1.676839,51.169010,22.073305
11792.0,1.321146,51.128361,21.931028
11800.0,1.361797,51.128361,22.794855
11808.0,2.103671,49.990143,22.276558
11816.0,2.235786,50.762505,21.778587
11824.0,1.737815,50.884457,21.412733
11832.0,1.717490,49.685261,21.595661
11840.0,1.453261,50.305183,21.697287
11848.0,1.321146,50.122257,21.737938
11856.0,1.412610,49.786888,21.656635
11864.0,1.839442,50.162907,21.931028
11872.0,1.554888,49.807213,21.931028
11880.0,1.341472,49.126316,21.931028
11888.0,1.758141,50.223885,21.931028
11896.0,1.300821,49.563309,21.819239
11904.0,0.813013,49.126316,21.575335
11912.0,1.880093,49.360058,22.113956
11920.0,1.473586,49.888515,21.992004
11928.0,1.361797,49.004364,21.931028
11936.0,1.300821,48.445419,21.951353
11944.0,1.199194,49.105991,21.951353
11952.0,0.731712,49.227943,21.951353
11960.0,1.361797,49.319408,21.453382
11968.0,1.239845,48.445419,22.134281
11976.0,0.955290,48.486069,21.890377
11984.0,1.839442,48.384441,22.154606
11992.0,1.361797,48.221840,21.057039
12000.0,1.077242,47.764519,21.778587
12008.0,1.239845,47.642567,21.737938
12016.0,1.219520,47.479965,21.534685
12024.0,1.158544,47.317364,21.311106
12032.0,1.138218,48.486069,21.697287
12040.0,1.636189,47.957611,21.311106
12048.0,1.321146,47.479965,21.758263
12056.0,1.117893,47.378338,21.494034
12064.0,1.077242,47.540939,21.575335
12072.0,1.575213,47.195412,21.575335
12080.0,1.219520,47.195412,21.250130
12088.0,0.873989,47.418987,22.073305
12096.0,1.280496,47.297035,21.097691
12104.0,1.056917,46.677113,21.676962
12112.0,0.894314,46.981995,21.595661
12120.0,1.300821,47.337688,21.392406
12128.0,1.178869,46.819393,21.392406
12136.0,1.097568,46.484024,21.372082
12144.0,0.660573,46.677113,22.052980
12152.0,1.036592,46.575489,20.609882
12160.0,1.016266,46.443375,22.174932
12168.0,1.676839,46.341747,20.731834
12176.0,1.300821,46.280769,21.595661
12184.0,1.036592,46.219795,21.118015
12192.0,0.660573,46.423046,21.392406
12200.0,1.260170,46.138493,20.853786
12208.0,1.077242,46.240120,21.118015
12216.0,1.016266,46.402721,21.870052
12224.0,0.995941,46.179142,21.311106
12232.0,0.975616,45.112064,21.189154
12240.0,0.701224,45.853939,20.894436
12248.0,0.813013,45.853939,21.148502
12256.0,0.975616,45.681171,21.676962
12264.0,0.914640,44.553116,20.874111
12272.0,1.321146,45.813286,20.833460
12280.0,0.254067,45.294991,20.670858
12288.0,1.534562,45.355968,21.392406
12296.0,1.676839,46.016541,20.711508
12304.0,1.656514,45.254341,22.154606
12312.0,1.280496,45.112064,20.996063
12320.0,0.477645,45.996216,21.118015
12328.0,0.995941,44.573444,21.118015
12336.0,0.995941,45.721825,21.118015
12344.0,0.914640,45.112064,21.118015
12352.0,0.294717,45.538895,21.118015
12360.0,0.436995,44.654743,21.118015
12368.0,0.538621,44.177097,20.447279
12376.0,1.036592,45.071415,20.508255
12384.0,0.995941,45.234016,20.894436
12392.0,0.995941,44.075474,20.975739
12400.0,1.178869,44.857998,20.233864
12408.0,0.894314,45.152714,20.548906
12416.0,0.975616,44.177097,20.853786
12424.0,0.152440,44.075474,20.955412
12432.0,0.934965,43.872219,20.294840
12440.0,0.995941,44.756371,21.148502
12448.0,1.056917,44.573444,20.254189
12456.0,1.138218,44.360027,20.874111
12464.0,0.995941,44.095798,20.213537
12472.0,0.975616,43.689293,20.813135
12480.0,0.975616,44.451492,20.792810
12488.0,1.300821,43.831570,20.426954
12496.0,0.894314,43.892544,21.128178
12504.0,0.833338,44.390514,20.853786
12512.0,0.792688,43.750267,20.772484
12520.0,0.813013,43.994171,20.752159
12528.0,0.254067,43.872219,20.752159
12536.0,0.995941,44.177097,20.731834
12544.0,0.254067,43.811241,20.609882
12552.0,1.178869,43.110020,20.426954
12560.0,0.995941,43.618153,20.609882
12568.0,1.300821,44.431164,20.609882
12576.0,0.995941,43.516525,20.609882
12584.0,1.178869,44.217751,20.609882
12592.0,0.914640,43.272621,21.097691
12600.0,0.914640,44.014496,20.315165
12608.0,0.833338,44.258400,21.057039
12616.0,0.853664,43.252296,20.548906
12624.0,1.595538,43.150669,20.731834
12632.0,0.558946,43.150669,20.609882
12640.0,1.493912,43.729942,19.807032
12648.0,1.321146,43.597828,20.650532
12656.0,0.731712,43.597828,20.772484
12664.0,1.016266,43.252296,20.416792
12672.0,1.016266,43.170994,20.335489
12680.0,1.199194,43.089695,20.955412
12688.0,1.138218,42.876278,19.969635
12696.0,1.016266,43.231972,20.548906
12704.0,1.016266,43.374249,20.376141
12712.0,1.016266,43.130344,19.847683
12720.0,1.016266,42.652699,20.813135
12728.0,0.274392,43.089695,20.935087
12736.0,1.016266,42.652699,20.152561
12744.0,1.016266,43.435223,20.172888
12752.0,1.016266,43.577503,20.010284
12760.0,1.016266,43.089695,20.914762
12768.0,1.016266,42.988068,20.111912
12776.0,1.280496,43.008392,20.172888
12784.0,1.839442,42.988068,20.172888
12792.0,0.934965,42.957581,20.254189
12800.0,0.894314,42.957581,20.254189
12808.0,0.813013,42.916927,20.609882
12816.0,1.514237,42.896603,19.908659
12824.0,0.934965,42.855953,19.786707
12832.0,0.416669,42.815304,20.030609
12840.0,0.497971,42.693352,20.030609
12848.0,0.934965,42.673023,19.766380
12856.0,0.752037,43.374249,20.416792
12864.0,0.772362,43.069370,20.569231
12872.0,0.619922,42.957581,20.254189
12880.0,0.538621,42.734001,20.050936
12888.0,0.934965,42.490097,20.010284
12896.0,1.158544,42.794975,19.847683
12904.0,0.792688,42.734001,19.847683
12912.0,0.934965,42.195381,19.593615
12920.0,1.280496,42.734001,20.132236
12928.0,1.219520,42.734001,20.355816
12936.0,1.239845,43.028717,20.010284
12944.0,0.934965,42.794975,19.928984
12952.0,0.813013,42.693352,20.172888
12960.0,0.813013,42.673023,19.126133
12968.0,0.477645,42.673023,20.233864
12976.0,0.660573,42.652699,20.315165
12984.0,0.752037,42.612049,19.471664
12992.0,0.477645,42.612049,19.715567
13000.0,0.772362,42.632374,19.695242
13008.0,0.701224,42.612049,19.725731
13016.0,0.701224,42.591724,19.725731
13024.0,1.199194,42.591724,19.725731
13032.0,0.497971,42.347820,19.349712
13040.0,0.975616,42.175053,19.746056
13048.0,1.412610,43.089695,19.888332
13056.0,0.955290,41.971802,19.715567
13064.0,0.579272,42.449448,19.695242
13072.0,1.178869,42.388470,19.248085
13080.0,0.772362,41.931149,19.827356
13088.0,0.701224,42.734001,19.512314
13096.0,1.138218,42.632374,20.172888
13104.0,0.873989,42.571400,19.248085
13112.0,1.077242,42.469772,20.071260
13120.0,0.894314,42.368145,19.410688
13128.0,1.077242,43.150669,19.969635
13136.0,1.453261,43.028717,19.431013
13144.0,0.518296,42.114079,19.695242
13152.0,1.138218,42.967743,19.613941
13160.0,1.077242,42.114079,19.552965
13168.0,0.396344,41.788872,19.024506
13176.0,1.138218,42.734001,19.593615
13184.0,1.178869,42.734001,19.888332
13192.0,1.554888,42.734001,19.024506
13200.0,0.833338,42.937252,19.593615
13208.0,0.497971,42.896603,19.491989
13216.0,1.077242,41.849850,19.471664
13224.0,1.697165,42.266518,18.994019
13232.0,0.772362,43.475876,18.689138
13240.0,1.300821,46.016541,19.949308
13248.0,0.792688,53.374310,19.969635
13256.0,0.914640,60.142643,21.971680
13264.0,1.280496,63.333721,23.414778
13272.0,1.097568,65.478043,25.782679
13280.0,1.758141,65.610153,26.758293
13288.0,1.260170,67.734154,29.004242
13296.0,1.636189,70.457748,30.345715
13304.0,2.621967,71.880524,32.510361
13312.0,2.977660,75.274849,32.611988
13320.0,3.861812,78.455765,32.733940
13328.0,5.020356,78.841942,31.392467
13336.0,6.463454,83.008636,30.609943
13344.0,6.067110,83.923279,31.290842
13352.0,7.205328,91.382675,35.183140
13360.0,7.530534,93.842033,38.780724
13368.0,7.164678,94.126587,41.107975
13376.0,6.991912,95.732292,43.028717
13384.0,7.042726,101.474197,44.299049
13392.0,7.185003,105.142921,44.278725
13400.0,6.748009,107.287239,48.618183
13408.0,7.012238,109.777092,49.807213
13416.0,6.006134,114.817772,51.331615
13424.0,5.680929,117.846245,53.567402
13432.0,5.203284,121.169441,52.429180
13440.0,4.705313,123.476364,55.132450
13448.0,4.847590,127.500778,56.575550
13456.0,4.583361,126.901184,55.732048
13464.0,3.922788,131.210144,58.597919
13472.0,4.806940,133.395126,59.106052
13480.0,3.699209,134.939850,57.795067
13488.0,4.664663,139.543533,59.156864
13496.0,2.581316,137.947998,60.447525
13504.0,4.146367,139.584183,63.567463
13512.0,3.780511,142.013062,64.167061
13520.0,2.154485,141.931763,63.628437
13528.0,3.922788,140.813873,61.971924
13536.0,4.441084,143.893158,60.965820
13544.0,1.941069,141.606552,64.309334
13552.0,0.914640,140.712234,65.112183
13560.0,1.493912,144.198029,65.274788
13568.0,1.178869,144.614700,65.030884
13576.0,0.558946,147.643173,64.553238
13584.0,1.138218,148.720413,65.356087
13592.0,0.955290,148.984650,67.602036
13600.0,0.955290,146.403336,66.331703
13608.0,0.711386,147.399277,66.900818
13616.0,1.219520,148.547653,64.410965
13624.0,0.436995,147.978546,65.752434
13632.0,1.636189,149.248871,63.791039
13640.0,1.473586,144.340317,64.908936
13648.0,1.260170,140.864685,63.445511
13656.0,2.743919,137.206116,60.203621
13664.0,1.117893,138.120758,58.282875
13672.0,3.323191,137.002869,55.274727
13680.0,2.479690,132.673569,54.990173
13688.0,3.119938,132.195923,54.715782
13696.0,3.719535,136.261002,54.675129
13704.0,1.961394,137.206116,53.475937
13712.0,0.975616,133.578049,55.772697
13720.0,1.900418,134.462204,56.077579
13728.0,2.174810,137.500839,56.301155
13736.0,2.103671,138.100433,57.195473
13744.0,2.276437,136.484573,56.900753
13752.0,1.514237,137.988647,56.819454
13760.0,1.178869,138.324020,56.616199
13768.0,1.300821,132.998779,55.498306
13776.0,0.376019,131.515030,54.075535
13784.0,2.459365,135.061798,53.770653
13792.0,1.737815,134.695938,52.754387
13800.0,0.050813,133.598373,51.666981
13808.0,-0.792664,134.960175,51.788933
13816.0,2.896359,132.297562,52.754387
13824.0,0.701224,129.106476,50.020630
13832.0,2.063021,130.712173,50.000305
13840.0,1.239845,125.417435,47.866146
13848.0,3.445143,122.297493,43.333599
13856.0,2.977660,125.519058,43.638477
13864.0,2.784570,125.945892,41.626270
13872.0,2.977660,123.577988,38.862026
13880.0,1.575213,127.480453,41.433178
13888.0,2.621967,123.903198,40.264473
13896.0,3.262215,120.468216,37.662830
13904.0,2.378063,122.338142,36.443314
13912.0,3.221564,115.539322,34.776634
13920.0,3.018311,113.161263,33.414837
13928.0,4.745964,110.854332,31.168890
13936.0,4.563036,110.132790,28.922941
13944.0,3.536607,113.577927,29.969696
13952.0,4.563036,110.691734,26.941221
13960.0,5.142308,104.238441,24.542833
13968.0,5.162633,97.632713,21.494034
13976.0,4.522385,93.648949,19.227760
13984.0,3.617908,92.480240,19.390362
13992.0,5.243935,91.545273,15.721641
14000.0,4.979705,85.407028,15.559038
14008.0,5.040681,78.059418,14.563097
14016.0,7.733787,72.022797,10.752098
14024.0,7.042726,67.134560,7.144352
14032.0,8.811029,63.333721,5.000031
14040.0,7.510209,58.862148,-0.254059
14048.0,5.487838,55.477982,-3.363739
14056.0,6.402478,51.290962,-5.121826
14064.0,8.414685,43.872219,-6.707153
14072.0,7.825251,37.601856,-8.109558
14080.0,8.231757,31.046938,-11.554596
14088.0,7.124027,27.601795,-15.487427
14096.0,8.750053,18.973694,-18.749542
14104.0,7.530534,20.132236,-20.609253
14112.0,11.117954,16.361889,-21.371429
14120.0,9.390301,10.813074,-24.877441
14128.0,11.016328,5.508164,-23.353088
14136.0,11.575274,3.678884,-27.661926
14144.0,11.920804,-0.010162,-27.367218
14152.0,13.800898,-2.804810,-30.385437
14160.0,11.575274,-6.026276,-31.472809
14168.0,13.678946,-8.729462,-33.698364
14176.0,14.319193,-11.818817,-34.734924
14184.0,13.658620,-11.900116,-35.974731
14192.0,13.536668,-15.121582,-38.098663
14200.0,11.351695,-19.714966,-39.104736
14208.0,12.957397,-18.525970,-41.045746
14216.0,11.514297,-22.936432,-40.507141
14224.0,11.077303,-20.070648,-42.631073
14232.0,11.900479,-24.135590,-42.112793
14240.0,11.697226,-26.117249,-44.409485
14248.0,10.071199,-31.554108,-44.937927
14256.0,11.880154,-31.086639,-47.956146
14264.0,10.650472,-33.098785,-49.765045
14272.0,9.207374,-32.793915,-49.826019
14280.0,7.804926,-35.801971,-51.502808
14288.0,9.248024,-39.744965,-51.888977
14296.0,5.223609,-40.202271,-53.829987
14304.0,7.205328,-43.911530,-54.155182
14312.0,9.095584,-48.880920,-57.020966
14320.0,5.945158,-50.821930,-59.337982
14328.0,7.428907,-54.073883,-60.039185
14336.0,11.097629,-54.348267,-60.466003
14344.0,10.935026,-56.431549,-62.081818
14352.0,9.888271,-57.518921,-64.032990
14360.0,12.215522,-61.167206,-65.110199
14368.0,11.077303,-67.599976,-65.913025
14376.0,9.369976,-67.610138,-68.616211
14384.0,12.154546,-68.179230,-67.213806
14392.0,10.833400,-65.049225,-67.793060
14400.0,9.989899,-69.734070,-66.949585
14408.0,10.193151,-70.160889,-68.961731
14416.0,11.880154,-72.345795,-69.998291
14424.0,10.691122,-71.105988,-69.002380
14432.0,9.654531,-70.384460,-70.364136
14440.0,11.839503,-70.638519,-68.860107
14448.0,9.573229,-67.213806,-69.683258
14456.0,7.266304,-67.396729,-69.581635
14464.0,6.290689,-65.455719,-69.195465
14472.0,7.947203,-70.557220,-66.634552
14480.0,5.589465,-71.004364,-69.236115
14488.0,4.166692,-70.699493,-67.112183
14496.0,6.748009,-67.498352,-69.581635
14504.0,3.597583,-66.431305,-69.856018
14512.0,5.325236,-68.301178,-68.778809
14520.0,2.896359,-68.260529,-69.500336
14528.0,5.040681,-68.982056,-69.419037
14536.0,3.841487,-71.939301,-72.925049
14544.0,2.723594,-70.536896,-72.599854
14552.0,3.719535,-72.284821,-73.707550
14560.0,3.658559,-71.898651,-74.612000
14568.0,2.896359,-72.782776,-72.000275
14576.0,3.841487,-71.085663,-73.605927
14584.0,4.126041,-71.339722,-74.083557
14592.0,5.284585,-71.685242,-74.967682
14600.0,6.087436,-74.225830,-75.994080
14608.0,4.146367,-76.492035,-78.016388
14616.0,5.142308,-76.126190,-78.036713
14624.0,5.863857,-75.811157,-75.353851
14632.0,5.924833,-74.103882,-75.689209
14640.0,6.311014,-73.087646,-76.268463
14648.0,5.426862,-71.746216,-76.532684
14656.0,4.359783,-72.721802,-75.912781
14664.0,4.441084,-72.823425,-74.063232
14672.0,6.270363,-74.083557,-75.912781
14680.0,7.083376,-75.333527,-77.172913
14688.0,6.524430,-74.866058,-77.813141
14696.0,5.782556,-73.981934,-77.752167
14704.0,5.823206,-73.890472,-76.868042
14712.0,4.441084,-73.483978,-75.831482
14720.0,4.441084,-72.000275,-77.010315
14728.0,2.642292,-71.299072,-75.028656
14736.0,4.166692,-71.380371,-74.906708
14744.0,2.398389,-74.429077,-75.008331
14752.0,2.581316,-75.811157,-78.097687
14760.0,0.457320,-76.105865,-79.611877
14768.0,1.859767,-75.364014,-78.971649
14776.0,1.636189,-76.674957,-77.376160
14784.0,1.016266,-74.266479,-78.859863
14792.0,1.219520,-72.508392,-79.693176
14800.0,0.355693,-71.004364,-79.012299
14808.0,0.335368,-74.103882,-77.609894
14816.0,-0.416656,-76.065216,-79.073273
14824.0,-1.656464,-72.599854,-77.589569
14832.0,-1.341431,-73.961609,-76.756256
14840.0,-1.656464,-77.233887,-78.372070
14848.0,-0.792664,-76.949341,-78.392395
14856.0,0.853664,-75.628235,-78.473694
14864.0,1.676839,-74.571350,-78.910675
14872.0,3.058962,-75.831482,-80.160645
14880.0,3.038636,-74.408752,-79.754150
14888.0,1.036592,-73.524628,-76.929016
14896.0,0.111789,-72.000275,-76.207489
14904.0,2.439039,-70.242188,-75.872131
14912.0,1.361797,-72.559204,-74.591675
14920.0,0.873989,-72.559204,-75.313202
14928.0,3.760185,-73.128296,-75.587585
14936.0,4.522385,-74.368103,-77.569244
14944.0,3.658559,-76.634308,-77.813141
14952.0,6.402478,-78.158661,-77.691193
14960.0,4.979705,-75.506287,-79.317169
14968.0,5.721580,-76.431061,-81.542725
14976.0,5.061007,-77.233887,-80.617950
14984.0,4.187017,-78.453369,-79.520416
14992.0,3.922788,-78.036713,-78.178986
15000.0,3.221564,-79.195221,-76.888367
15008.0,3.099612,-76.573334,-77.609894
15016.0,1.758141,-77.487946,-74.845734
15024.0,1.717490,-77.955414,-75.953430
15032.0,1.900418,-77.050964,-77.335510
15040.0,2.581316,-76.105865,-76.268463
15048.0,2.855709,-77.752167,-74.591675
15056.0,2.703269,-79.215546,-74.246155
15064.0,3.445143,-79.794800,-74.327454
15072.0,3.699209,-83.239838,-74.307129
15080.0,3.963439,-84.103638,-75.424988
15088.0,4.939054,-82.884155,-76.309113
15096.0,6.107761,-85.323120,-75.008331
15104.0,6.402478,-86.573090,-74.947357
15112.0,7.012238,-83.981689,-75.191254
15120.0,8.130131,-83.504059,-74.744110
15128.0,8.211432,-81.756134,-74.591675
15136.0,8.252083,-80.841522,-73.443329
15144.0,9.034608,-81.136230,-71.238098
15152.0,9.329326,-81.563049,-70.384460
15160.0,8.811029,-80.963470,-69.195465
15168.0,9.349650,-79.540741,-69.459686
15176.0,9.288674,-80.821198,-68.860107
15184.0,9.430952,-82.061005,-68.412964
15192.0,9.268350,-82.386200,-67.915009
15200.0,9.735832,-82.101654,-68.138580
15208.0,9.634205,-79.815125,-67.274780
15216.0,9.369976,-81.136230,-65.913025
15224.0,8.709403,-77.487946,-63.504547
15232.0,8.648427,-77.172913,-63.707794
15240.0,8.313059,-79.276520,-64.205750
15248.0,8.211432,-76.085541,-60.598114
15256.0,7.286630,-75.292877,-58.281097
15264.0,6.951262,-70.638519,-56.431549
15272.0,5.924833,-69.093842,-54.053558
15280.0,5.325236,-63.870392,-53.149109
15288.0,4.603687,-63.992340,-52.884888
15296.0,3.780511,-61.807434,-51.563782
15304.0,3.780511,-60.283081,-52.529205
15312.0,3.160589,-55.689697,-53.047485
15320.0,2.002045,-52.549530,-53.769012
15328.0,1.341472,-51.604431,-53.514954
15336.0,-0.274384,-50.120728,-51.391022
15344.0,-1.016235,-49.104492,-50.669495
15352.0,-1.900360,-49.185791,-52.163361
15360.0,-1.402405,-49.765045,-52.925537
15368.0,-2.174744,-48.799622,-53.626740
15376.0,-2.581238,-49.246765,-55.110443
15384.0,-3.160492,-48.718323,-55.516937
15392.0,-4.745819,-49.145142,-57.976227
15400.0,-5.965302,-49.165466,-60.679413
15408.0,-6.026276,-51.746704,-61.207855
15416.0,-6.646179,-53.911285,-61.502563
15424.0,-7.530304,-54.246643,-63.768768
15432.0,-7.611603,-55.151093,-66.034973
15440.0,-8.150208,-56.390900,-69.540985
15448.0,-8.231506,-57.874603,-72.040924
15456.0,-8.668488,-57.854279,-73.910797
15464.0,-8.993683,-60.384705,-75.130280
15472.0,-8.444916,-59.043274,-76.532684
15480.0,-7.967285,-58.260773,-76.949341
15488.0,-7.205109,-55.649048,-77.894440
15496.0,-6.890076,-55.933594,-78.118011
15504.0,-7.611603,-55.171417,-76.471710
15512.0,-6.707153,-51.706055,-76.634308
15520.0,-6.727478,-51.685730,-73.402679
15528.0,-6.442932,-49.663422,-71.217773
15536.0,-6.666504,-45.893188,-70.841766
15544.0,-5.985626,-45.700104,-69.480011
15552.0,-6.463257,-44.633057,-67.518677
15560.0,-5.802704,-41.228668,-64.906952
15568.0,-6.026276,-40.527466,-66.532928
15576.0,-6.249847,-40.324219,-64.327698
15584.0,-5.507996,-38.982788,-63.707794
15592.0,-5.701080,-40.029510,-62.346039
15600.0,-5.924652,-38.779541,-60.547302
15608.0,-5.823029,-37.397461,-58.840027
15616.0,-6.270172,-35.619049,-57.132751
15624.0,-5.843353,-34.795898,-55.974243
15632.0,-5.020203,-32.052063,-55.557587
15640.0,-4.319000,-30.629333,-55.191742
15648.0,-4.003967,-28.464752,-54.673462
15656.0,-4.319000,-26.960724,-53.372681
15664.0,-4.024292,-26.076599,-52.468231
15672.0,-4.003967,-25.863190,-50.740631
15680.0,-3.922668,-26.422119,-51.086151
15688.0,-4.278351,-26.838776,-50.506897
15696.0,-4.237701,-27.285919,-49.927643
15704.0,-4.542572,-26.859100,-49.998779
15712.0,-4.745819,-26.920074,-50.039429
15720.0,-4.603546,-27.600952,-49.947968
15728.0,-4.705170,-27.865173,-50.344299
15736.0,-4.806793,-28.261505,-50.222351
15744.0,-4.806793,-27.804199,-49.541473
15752.0,-4.806793,-28.068420,-49.399200
15760.0,-4.339325,-28.088745,-48.403290
15768.0,-4.278351,-27.499329,-48.098419
15776.0,-4.501923,-27.163971,-48.200043
15784.0,-4.207214,-26.920074,-48.342316
15792.0,-4.125916,-26.584717,-48.637024
15800.0,-3.678772,-26.340820,-48.017120
15808.0,-4.217377,-26.544067,-47.722412
15816.0,-4.064941,-26.838776,-48.139069
15824.0,-4.024292,-26.625366,-47.458191
15832.0,-4.044617,-26.859100,-47.376892
15840.0,-3.983643,-27.844849,-47.498840
15848.0,-3.821045,-27.743225,-48.200043
15856.0,-3.942993,-27.946472,-47.763062
15864.0,-3.658447,-27.966797,-47.803711
15872.0,-3.841370,-27.722900,-47.539490
15880.0,-3.841370,-27.519653,-47.976471
15888.0,-3.201141,-27.143646,-47.102509
15896.0,-3.516174,-27.123322,-47.061859
15904.0,-3.577148,-27.204620,-47.254944
15912.0,-3.597473,-27.265594,-46.817963
15920.0,-3.597473,-27.448517,-46.696014
15928.0,-3.841370,-27.499329,-46.736664
15936.0,-3.180817,-27.539978,-47.356567
15944.0,-3.445038,-27.560303,-47.193970
15952.0,-3.262115,-27.844849,-46.939911
15960.0,-3.282440,-28.403778,-47.000885
15968.0,-3.241791,-27.661926,-46.655365
15976.0,-3.302765,-28.109070,-47.183807
15984.0,-3.282440,-27.885498,-46.939911
15992.0,-3.262115,-27.001373,-46.878937
16000.0,-3.241791,-27.804199,-46.756989
16008.0,-3.180817,-27.326569,-46.462280
16016.0,-3.160492,-27.783875,-46.858612
16024.0,-3.119843,-27.987122,-46.055786
16032.0,-3.079193,-28.607025,-47.102509
16040.0,-2.764160,-28.667999,-47.275269
16048.0,-3.597473,-28.109070,-46.756989
16056.0,-2.256042,-27.885498,-46.614716
16064.0,-2.977570,-28.220856,-46.482605
16072.0,-2.936920,-28.485077,-47.458191
16080.0,-2.936920,-27.539978,-46.441956
16088.0,-2.855621,-28.322479,-46.594391
16096.0,-2.835297,-28.627350,-46.401306
16104.0,-2.835297,-28.403778,-46.299683
16112.0,-2.784485,-29.369202,-46.655365
16120.0,-3.506012,-28.109070,-46.513092
16128.0,-2.621887,-28.200531,-45.974487
16136.0,-3.201141,-29.104980,-46.137085
16144.0,-3.018219,-29.145630,-46.198059
16152.0,-2.723511,-29.206604,-46.279358
16160.0,-2.560913,-28.302155,-46.675690
16168.0,-2.642212,-28.901733,-46.198059
16176.0,-2.581238,-29.023682,-46.360657
16184.0,-2.479614,-28.922058,-46.238708
16192.0,-3.302765,-28.830597,-46.736664
16200.0,-2.398315,-29.044006,-47.458191
16208.0,-2.042633,-29.206604,-46.462280
16216.0,-2.499939,-29.745209,-46.360657
16224.0,-2.418640,-29.470825,-46.096436
16232.0,-2.296692,-30.009430,-46.716339
16240.0,-2.103607,-30.253326,-46.574066
16248.0,-2.103607,-30.131378,-46.696014
16256.0,-2.256042,-30.090729,-46.980560
16264.0,-2.256042,-29.206604,-46.421631
16272.0,-2.174744,-28.901733,-46.482605
16280.0,-2.042633,-29.409851,-46.513092
16288.0,-2.022308,-30.212677,-46.614716
16296.0,-1.920685,-30.344788,-46.838287
16304.0,-1.839386,-30.669983,-47.315918
16312.0,-2.418640,-30.151703,-46.817963
16320.0,-2.174744,-30.090729,-46.980560
16328.0,-2.134094,-30.609009,-46.756989
16336.0,-1.554840,-30.649658,-47.041534
16344.0,-1.981659,-29.907806,-46.960236
16352.0,-1.819061,-30.954529,-47.183807
16360.0,-1.656464,-29.968781,-47.620789
16368.0,-2.113770,-30.832581,-46.675690
16376.0,-1.981659,-31.147614,-47.061859
16384.0,-1.920685,-29.989105,-47.417542
16392.0,-1.880035,-30.985016,-47.275269
16400.0,-2.022308,-31.350861,-46.797638
16408.0,-1.778412,-31.391510,-47.336243
16416.0,-1.595490,-30.985016,-47.163483
16424.0,-2.276367,-30.974854,-47.559814
16432.0,-2.377991,-31.869141,-48.240692
16440.0,-1.758087,-31.635406,-47.437866
16448.0,-1.798737,-31.706543,-47.417542
16456.0,-1.676788,-31.787842,-47.214294
16464.0,-1.656464,-30.873230,-48.017120
16472.0,-2.601563,-33.576416,-47.681763
16480.0,-4.400299,-41.625000,-47.295593
16488.0,-6.249847,-45.700104,-48.301666
16496.0,-6.768127,-47.336243,-51.909302
16504.0,-5.507996,-49.663422,-55.293365
16512.0,-6.168549,-50.059753,-57.153076
16520.0,-6.503906,-52.163361,-58.941650
16528.0,-7.570953,-55.130768,-58.118500
16536.0,-7.530304,-59.236359,-56.655121
16544.0,-7.946960,-59.866425,-55.293365
16552.0,-8.414429,-61.126556,-51.807678
16560.0,-8.607513,-61.421265,-48.565887
16568.0,-9.755859,-64.551270,-48.840271
16576.0,-10.172516,-65.852051,-48.382965
16584.0,-11.097290,-67.295105,-48.057770
16592.0,-11.432648,-68.199554,-50.425598
16600.0,-11.635895,-65.669128,-54.693787
16608.0,-12.032227,-68.656860,-58.901001
16616.0,-12.052551,-69.276764,-62.884644
16624.0,-12.398071,-72.579529,-65.973999
16632.0,-13.373657,-73.229919,-65.313446
16640.0,-13.495605,-74.612000,-63.809418
16648.0,-12.377747,-74.327454,-63.585846
16656.0,-12.621643,-72.965698,-62.305389
16664.0,-11.117615,-71.858002,-62.508636
16672.0,-11.635895,-73.026672,-62.630585
16680.0,-10.457062,-71.461670,-62.569611
16688.0,-9.989594,-65.933350,-67.193481
16696.0,-9.511963,-65.415070,-80.821198
16704.0,-8.190857,-64.591919,-86.766174
16712.0,-7.469330,-61.726135,-96.908203
16720.0,-6.361633,-60.181458,-105.383606
16728.0,-5.762054,-59.022949,-93.818848
16736.0,-4.888092,-58.474182,-99.367493
16744.0,-5.020203,-57.742493,-99.509766
16752.0,-6.209198,-58.423370,-98.107361
16760.0,-6.229523,-61.085907,-99.032135
16768.0,-6.361633,-62.783020,-97.711029
16776.0,-5.904327,-68.077606,-100.312592
16784.0,-6.270172,-70.181213,-100.749573
16792.0,-7.164459,-72.508392,-103.838928
16800.0,-5.182800,-74.967682,-103.777954
16808.0,-7.164459,-76.390411,-105.840912
16816.0,-5.762054,-78.097687,-107.588837
16824.0,-7.245758,-79.296844,-108.147766
16832.0,-6.402283,-79.591553,-109.428223
16840.0,-7.144135,-78.392395,-108.808319
16848.0,-7.570953,-75.170929,-103.696655
16856.0,-7.408356,-76.166840,-101.338989
16864.0,-8.211182,-70.059265,-95.566772
16872.0,-8.892059,-69.215790,-89.438873
16880.0,-8.607513,-65.526855,-83.544708
16888.0,-8.668488,-59.785126,-80.800873
16896.0,-8.272156,-56.431549,-76.512360
16904.0,-8.353455,-53.372681,-74.022583
16912.0,-7.388031,-46.756989,-72.223846
16920.0,-7.103485,-44.470459,-67.996307
16928.0,-7.266083,-40.364868,-65.455719
16936.0,-7.428680,-36.736908,-59.998535
16944.0,-7.408356,-35.456451,-56.035217
16952.0,-8.526215,-36.117004,-57.041290
16960.0,-8.292480,-35.822296,-55.577911
16968.0,-8.444916,-35.212555,-53.850311
16976.0,-7.733551,-35.680023,-51.685730
16984.0,-8.007935,-37.123077,-51.807678
16992.0,-8.749786,-38.779541,-53.271057
17000.0,-8.546539,-40.669739,-54.388916
17008.0,-8.566864,-42.265228,-55.516937
17016.0,-8.333130,-44.358673,-58.037201
17024.0,-8.709137,-46.716339,-58.921326
17032.0,-10.650146,-48.362640,-61.604187
17040.0,-15.578888,-49.419525,-63.423248
17048.0,-17.286163,-50.903229,-67.752411
17056.0,-19.674316,-53.708038,-69.795044
17064.0,-23.556335,-58.738403,-74.632324
17072.0,-28.749298,-61.400940,-74.246155
17080.0,-34.755249,-63.311462,-78.676941
17088.0,-41.127045,-64.795166,-80.699249
17096.0,-49.399200,-66.817474,-84.245911
17104.0,-59.785126,-67.772736,-88.473450
17112.0,-70.323486,-71.299072,-95.841156
17120.0,-78.250122,-74.967682,-98.605316
17128.0,-86.623901,-79.296844,-103.483246
17136.0,-95.800507,-77.670868,-106.379517
17144.0,-100.028046,-79.591553,-110.556244
17152.0,-105.759613,-81.502075,-114.875244
17160.0,-111.135498,-83.646332,-116.826416
17168.0,-113.096832,-86.207245,-117.568268
17176.0,-113.320404,-88.595398,-118.310120
17184.0,-111.277771,-91.796539,-117.243073
17192.0,-107.029907,-92.741638,-117.263397
17200.0,-104.255585,-94.184692,-115.078491
17208.0,-98.391907,-94.682648,-113.411865
17216.0,-94.682648,-92.883911,-110.932251
17224.0,-88.066956,-93.625763,-107.385590
17232.0,-78.778564,-94.906219,-107.050232
17240.0,-73.362030,-95.587097,-104.143799
17248.0,-63.026917,-94.367615,-100.109344
17256.0,-54.470215,-93.117645,-97.385834
17264.0,-44.612732,-92.619690,-96.867554
17272.0,-34.358917,-88.493774,-94.164368
17280.0,-25.263611,-89.469360,-91.979462
17288.0,-12.580994,-88.290527,-86.186920
17296.0,-0.436981,-83.768280,-82.701233
17304.0,13.922850,-81.197205,-76.573334
17312.0,23.536730,-78.494019,-73.961609
17320.0,35.498184,-79.520416,-69.317413
17328.0,49.969818,-76.126190,-65.791077
17336.0,60.965820,-73.423004,-62.762695
17344.0,70.640678,-72.925049,-58.880676
17352.0,80.823662,-71.441345,-58.016876
17360.0,88.252571,-71.502319,-54.470215
17368.0,92.205849,-70.719818,-55.598236
17376.0,95.691643,-73.362030,-55.151093
17384.0,93.760735,-75.953430,-55.831970
17392.0,96.504654,-78.494019,-57.417297
17400.0,90.417221,-80.963470,-61.807434
17408.0,90.152992,-86.928772,-62.650909
17416.0,83.587906,-89.012054,-65.608154
17424.0,77.073639,-92.883911,-67.711761
17432.0,74.654930,-95.770020,-72.366119
17440.0,64.695518,-96.643982,-77.630219
17448.0,56.453598,-98.432556,-79.174896
17456.0,50.945435,-103.595032,-80.394379
17464.0,45.559219,-103.615356,-84.225586
17472.0,37.459579,-108.452637,-85.922699
17480.0,33.130283,-108.848969,-89.570984
17488.0,26.565203,-109.590820,-90.800629
17496.0,21.636311,-111.775726,-89.296600
17504.0,15.579364,-111.857025,-89.753906
17512.0,11.138279,-107.609161,-92.203033
17520.0,7.205328,-106.623413,-90.719330
17528.0,5.020356,-103.696655,-91.633942
17536.0,4.258156,-102.355225,-91.755890
17544.0,3.617908,-100.973145,-91.938812
17552.0,-0.833313,-99.834961,-90.932739
17560.0,0.030488,-100.617462,-89.032379
17568.0,-2.936920,-99.296356,-90.058777
17576.0,-2.520264,-98.574829,-89.672607
17584.0,-3.384064,-100.312592,-90.820953
17592.0,-4.166565,-101.816620,-92.355469
17600.0,-4.745819,-103.818604,-93.981445
17608.0,-5.040527,-107.283966,-95.729370
17616.0,-5.345398,-109.855042,-97.568756
17624.0,-4.298676,-111.917999,-99.692688
17632.0,-3.119843,-115.424011,-101.379639
17640.0,-2.875946,-119.123108,-102.517822
17648.0,-2.042633,-119.631226,-103.279999
17656.0,-2.113770,-123.249023,-103.737305
17664.0,-2.134094,-120.068207,-104.296234
17672.0,-0.619904,-119.062134,-104.103149
17680.0,-1.138184,-116.745117,-103.899902
17688.0,-0.812988,-113.117157,-102.375549
17696.0,0.030488,-109.184326,-101.217041
17704.0,0.132115,-107.446564,-99.428467
17712.0,0.335368,-105.200684,-97.812653
17720.0,0.457320,-102.853180,-96.603333
17728.0,0.518296,-99.794312,-94.581024
17736.0,0.813013,-99.215057,-92.436768
17744.0,0.813013,-99.408142,-91.054688
17752.0,1.077242,-99.489441,-88.737671
17760.0,1.239845,-94.225342,-86.593414
17768.0,0.995941,-92.396118,-85.282471
17776.0,0.914640,-90.851440,-82.924805
17784.0,0.701224,-86.928772,-81.400452
17792.0,0.813013,-84.764191,-79.713501
17800.0,0.152440,-85.912537,-77.670868
17808.0,1.097568,-84.022339,-76.309113
17816.0,1.341472,-83.839417,-75.048981
17824.0,1.402448,-84.062988,-74.307129
17832.0,1.016266,-86.085297,-72.904724
17840.0,1.158544,-85.485718,-71.421021
17848.0,1.321146,-82.965454,-70.160889
17856.0,0.873989,-79.561066,-68.758484
17864.0,1.615864,-73.961609,-67.254456
17872.0,1.138218,-69.022705,-63.890717
17880.0,0.975616,-62.965942,-61.085907
17888.0,1.819117,-58.514832,-58.321747
17896.0,0.934965,-54.510864,-55.618561
17904.0,1.493912,-51.330048,-52.031250
17912.0,1.056917,-44.673706,-49.165466
17920.0,1.656514,-38.200287,-45.273285
17928.0,1.880093,-32.651642,-40.984772
17936.0,1.961394,-24.521759,-38.606781
17944.0,1.880093,-16.889832,-36.899506
17952.0,2.357738,-8.973358,-33.830475
17960.0,2.357738,-1.961334,-31.066315
17968.0,2.174810,4.217505,-28.170044
17976.0,1.554888,10.569170,-25.720917
17984.0,1.961394,15.162694,-24.653870
17992.0,2.002045,22.733879,-21.076721
18000.0,1.656514,29.786768,-18.312561
18008.0,1.382122,38.445358,-14.725250
18016.0,0.315043,42.855953,-11.239563
18024.0,1.097568,50.904781,-9.532288
18032.0,-2.916595,55.975952,-7.611603
18040.0,-2.621887,62.144688,-6.930725
18048.0,-4.085266,65.396744,-5.304749
18056.0,-6.768127,68.699608,-4.644196
18064.0,-7.672577,69.156929,-4.186890
18072.0,-9.755859,71.108154,-3.942993
18080.0,-11.158264,69.400833,-8.211182
18088.0,-13.302521,67.602036,-14.999634
18096.0,-14.156158,66.453659,-19.786102
18104.0,-14.298431,65.417068,-22.834808
18112.0,-13.739502,62.886562,-26.544067
18120.0,-13.343170,58.862148,-30.985016
18128.0,-12.733429,52.053162,-34.399567
18136.0,-11.778168,47.683216,-37.946228
18144.0,-11.818817,38.120152,-41.726624
18152.0,-12.154175,29.268471,-45.872864
18160.0,-12.479370,20.691183,-51.462158
18168.0,-12.916351,10.914701,-56.736420
18176.0,-12.255798,3.343516,-57.335999
18184.0,-11.219238,-6.646179,-62.569611
18192.0,-9.227417,-16.463013,-66.471954
18200.0,-8.953033,-28.322479,-69.053192
18208.0,-8.068909,-40.161621,-76.929016
18216.0,-6.188873,-49.805695,-80.140320
18224.0,-5.406372,-60.283081,-86.766174
18232.0,-4.237701,-69.297089,-89.977478
18240.0,-4.461273,-78.016388,-94.205017
18248.0,-3.719421,-86.003998,-98.513855
18256.0,-2.835297,-94.062744,-101.836945
18264.0,-2.103607,-101.735321,-106.968933
18272.0,-2.621887,-104.845001,-108.391663
18280.0,-2.977570,-112.334656,-111.277771
18288.0,-2.875946,-114.600861,-111.917999
18296.0,-3.018219,-118.005249,-110.170074
18304.0,-3.201141,-119.224731,-110.810303
18312.0,-3.465363,-120.484863,-112.233032
18320.0,-3.221466,-124.316071,-110.474945
18328.0,-3.404388,-127.405426,-115.403687
18336.0,-3.079193,-129.183838,-113.533813
18344.0,-2.337341,-127.618835,-114.377289
18352.0,-2.581238,-127.700134,-110.393646
18360.0,-2.479614,-128.939941,-109.855042
18368.0,-2.642212,-127.476563,-110.352997
18376.0,-2.438965,-127.761108,-109.133514
18384.0,-2.398315,-127.344452,-109.885529
18392.0,-2.215393,-127.344452,-109.387573
18400.0,-2.042633,-128.259064,-108.371338
18408.0,-2.083282,-127.120880,-109.153839
18416.0,-1.839386,-127.862732,-109.672119
18424.0,-2.317017,-129.986664,-110.993225
18432.0,-1.920685,-132.130920,-109.590820
18440.0,-1.819061,-135.179626,-111.196472
18448.0,-1.859711,-138.055573,-111.328583
18456.0,-2.113770,-141.144928,-112.111084
18464.0,-1.199158,-144.031036,-113.777710
18472.0,-1.412567,-144.254608,-112.710663
18480.0,-1.493866,-144.996460,-113.940308
18488.0,-1.239807,-147.059418,-113.381378
18496.0,-1.199158,-144.132660,-112.253357
18504.0,-1.260132,-144.610291,-113.381378
18512.0,-0.172760,-140.829895,-112.598877
18520.0,0.172765,-139.020996,-110.952576
18528.0,1.138218,-141.327850,-108.930267
18536.0,1.534562,-141.429474,-109.529846
18544.0,1.432936,-143.207886,-108.747345
18552.0,1.199194,-143.207886,-108.371338
18560.0,0.995941,-144.376556,-107.863220
18568.0,0.975616,-143.949738,-107.944519
18576.0,1.138218,-143.746490,-106.308380
18584.0,1.737815,-140.626648,-104.336884
18592.0,1.219520,-138.441742,-104.001526
18600.0,1.656514,-140.006744,-103.635681
18608.0,1.432936,-139.346191,-102.975128
18616.0,1.554888,-141.226227,-102.080841
18624.0,1.432936,-139.020996,-100.597137
18632.0,0.640248,-133.736572,-97.152100
18640.0,0.680898,-130.952087,-96.085052
18648.0,1.036592,-123.015289,-93.717224
18656.0,0.599597,-125.962372,-89.997803
18664.0,0.579272,-118.950348,-90.912415
18672.0,0.335368,-111.857025,-88.310852
18680.0,1.321146,-107.863220,-86.329193
18688.0,1.493912,-103.279999,-82.416687
18696.0,1.361797,-96.044403,-78.595642
18704.0,1.432936,-84.581268,-73.910797
18712.0,1.453261,-78.290771,-70.242188
18720.0,1.737815,-68.799133,-63.443573
18728.0,1.514237,-61.278992,-59.500580
18736.0,1.819117,-52.590179,-54.388916
18744.0,2.042695,-43.047729,-49.460175
18752.0,2.113834,-29.846832,-44.094452
18760.0,2.276437,-19.450745,-40.029510
18768.0,1.554888,-14.196808,-37.499084
18776.0,2.174810,-9.247742,-32.092712
18784.0,2.479690,-0.894287,-29.765533
18792.0,2.500015,5.701254,-26.483093
18800.0,3.058962,16.402538,-22.834808
18808.0,2.520341,19.552965,-16.381714
18816.0,2.703269,24.298929,-14.156158
18824.0,2.154485,35.681110,-11.137939
18832.0,2.784570,45.152714,-8.434753
18840.0,2.337413,51.463730,-6.046600
18848.0,1.880093,55.132450,-0.619904
18856.0,2.276437,55.010498,1.412610
18864.0,1.900418,58.120274,1.036592
18872.0,0.010163,61.809319,4.461410
18880.0,-0.812988,63.750389,6.229713
18888.0,0.396344,67.876427,9.248024
18896.0,-0.619904,70.122375,9.715507
18904.0,-0.752014,70.965881,11.961455
18912.0,-0.010162,77.459824,13.262276
18920.0,0.335368,75.274849,12.876095
18928.0,0.518296,74.228096,10.589496
18936.0,0.579272,76.677299,12.113895
18944.0,0.518296,76.474045,11.717551
18952.0,0.132115,76.850060,14.004150
18960.0,0.152440,78.313484,17.662710
18968.0,0.274392,77.439499,16.463514
18976.0,0.833338,78.679344,16.788721
18984.0,0.193091,75.996399,18.130192
18992.0,0.111789,77.673241,15.020417
19000.0,0.111789,79.634636,15.904569
19008.0,0.335368,78.374458,15.183020
19016.0,0.914640,80.823662,14.685049
19024.0,0.091464,82.185463,15.843593
19032.0,0.071139,83.567581,18.831415
19040.0,0.376019,85.488327,18.130192
19048.0,-0.050812,85.650932,19.593615
19056.0,-0.396332,84.807426,22.012329
19064.0,-0.355682,88.659081,23.658682
19072.0,-0.111786,87.652977,21.128178
19080.0,-0.071136,87.937531,20.172888
19088.0,-0.355682,90.996490,21.351757
19096.0,-0.335358,93.100159,22.520462
19104.0,-0.172760,93.821709,24.918852
19112.0,-0.294708,96.372536,24.055025
19120.0,-0.497955,97.947754,27.561144
19128.0,-0.315033,99.370522,29.126194
19136.0,-0.254059,101.596146,31.107914
19144.0,-1.239807,101.860374,29.786768
19152.0,-0.853638,102.541275,29.390423
19160.0,-0.355682,104.644951,31.067263
19168.0,-1.097534,103.720146,31.209539
19176.0,-0.619904,103.100220,29.664816
19184.0,-0.579254,102.957947,27.246101
19192.0,-0.640228,101.616470,26.077394
19200.0,-1.097534,100.752647,27.246101
19208.0,-0.934937,100.752647,27.286753
19216.0,-0.955261,100.539230,27.683096
19224.0,-0.914612,97.896942,26.880245
19232.0,-0.853638,97.774986,27.662771
19240.0,-1.016235,96.413193,26.900570
19248.0,-1.158508,97.348152,25.284708
19256.0,-1.473541,98.730278,26.280647
19264.0,-1.239807,96.768883,26.179022
19272.0,-1.239807,92.419266,26.280647
19280.0,-2.083282,91.179420,24.278603
19288.0,-1.260132,88.811516,23.922911
19296.0,-1.280457,85.589951,22.815180
19304.0,-1.361755,83.201729,21.209478
19312.0,-1.432892,78.882599,20.132236
19320.0,-1.321106,75.650871,16.565142
19328.0,-1.778412,71.128487,13.739922
19336.0,-1.402405,66.534958,12.073244
19344.0,-1.097534,60.386547,8.770379
19352.0,-1.453217,56.057251,5.548814
19360.0,-1.493866,50.762505,3.241890
19368.0,-1.900360,45.112064,2.398389
19376.0,-1.280457,38.628284,0.396344
19384.0,-1.280457,34.380291,-2.154419
19392.0,-1.219482,30.630268,-5.284424
19400.0,-1.158508,26.260323,-9.532288
19408.0,-1.117859,22.794855,-10.558685
19416.0,-1.178833,16.585466,-12.215149
19424.0,-1.758087,12.916745,-15.365479
19432.0,-1.382080,8.191107,-15.324829
19440.0,-1.117859,3.882138,-17.845093
19448.0,-1.321106,-1.239807,-20.334869
19456.0,-1.300781,-5.284424,-22.031982
19464.0,-1.077209,-10.955017,-23.942505
19472.0,-1.219482,-11.615570,-25.903839
19480.0,-0.660553,-16.259766,-28.830597
19488.0,-0.894287,-18.271912,-30.304138
19496.0,-1.321106,-23.556335,-31.991089
19504.0,-1.341431,-26.686340,-33.830475
19512.0,-1.819061,-28.607025,-35.476776
19520.0,-1.260132,-31.991089,-36.503174
19528.0,-1.402405,-34.897522,-37.986877
19536.0,-0.579254,-36.818207,-39.643341
19544.0,-1.300781,-36.421875,-40.242920
19552.0,-0.772339,-35.995056,-39.907562
19560.0,-1.138184,-34.115021,-35.801971
19568.0,-0.731689,-30.131378,-31.066315
19576.0,-0.934937,-29.765533,-27.428192
19584.0,-0.538605,-23.160004,-24.460785
19592.0,-0.955261,-20.273895,-21.391754
19600.0,-0.812988,-14.237457,-17.042267
19608.0,-1.056885,-10.416412,-14.115509
19616.0,-0.853638,-4.847443,-11.778168
19624.0,-0.894287,1.636189,-8.526215
19632.0,-1.077209,10.152501,-5.203125
19640.0,-1.961334,17.744011,-1.453217
19648.0,-0.792664,25.599751,3.943114
19656.0,-1.514191,32.510361,4.024415
19664.0,-1.260132,39.024628,6.107761
19672.0,-1.280457,47.103947,14.420819
19680.0,-0.934937,52.754387,21.595661
19688.0,-1.199158,58.841824,27.388378
19696.0,-1.717438,65.569504,31.453444
19704.0,-2.438965,70.640678,34.735985
19712.0,-1.961334,76.372414,37.042908
19720.0,-1.575165,81.778954,39.624226
19728.0,-1.636139,81.606186,41.087650
19736.0,-1.178833,84.492386,42.774651
19744.0,-1.260132,85.610275,43.191322
19752.0,-1.676788,83.791161,43.638477
19760.0,-1.880035,82.805382,43.150669
19768.0,-1.300781,82.866356,42.032776
19776.0,-1.656464,84.065552,42.794975
19784.0,-2.062958,84.746452,41.372204
19792.0,-1.961334,85.152962,41.494156
19800.0,-2.195068,86.789146,41.087650
19808.0,-1.432892,85.630608,42.073429
19816.0,-2.662537,88.933472,42.388470
19824.0,-1.961334,88.659081,43.973846
19832.0,-1.961334,88.750542,46.077518
19840.0,-1.961334,91.799339,47.662891
19848.0,-2.113770,94.370491,47.845821
19856.0,-1.493866,97.876610,47.195412
19864.0,-2.560913,100.661186,44.512466
19872.0,-2.022308,98.455887,43.272621
19880.0,-2.083282,99.980286,42.236031
19888.0,-2.103607,99.238411,40.183170
19896.0,-2.540588,100.498581,38.364056
19904.0,-1.615814,98.709953,36.301033
19912.0,-2.377991,98.232307,36.240059
19920.0,-2.296692,95.010742,34.339642
19928.0,-1.839386,93.669273,32.093693
19936.0,-2.195068,89.898926,29.990021
19944.0,-2.317017,86.291176,27.307077
19952.0,-1.778412,81.301308,25.640400
19960.0,-2.337341,78.577713,23.181036
19968.0,-2.337341,73.150856,19.868008
19976.0,-2.581238,69.797173,17.042788
19984.0,-2.154419,65.874382,13.983825
19992.0,-1.473541,60.742241,11.737877
20000.0,-2.276367,58.323528,8.567125
